DamonWayans1_Audio.json,0,I'm,0.33,0.49,0.16,0
DamonWayans1_Audio.json,0,a,0.49,0.55,0.06,0
DamonWayans1_Audio.json,0,grandfather,0.55,1.35,0.8,0
DamonWayans1_Audio.json,0,now,1.35,1.75,0.4,1
DamonWayans1_Audio.json,0,several,1.78,2.18,0.4,0
DamonWayans1_Audio.json,0,times,2.18,2.6,0.42,0
DamonWayans1_Audio.json,0,over,2.6,3.01,0.41,0
DamonWayans1_Audio.json,0,and,3.37,3.7,0.33,1
DamonWayans1_Audio.json,0,I'm,3.73,4.0,0.27,1
DamonWayans1_Audio.json,0,I'm,4.0,4.13,0.13,0
DamonWayans1_Audio.json,0,really,4.13,4.54,0.41,1
DamonWayans1_Audio.json,0,want,4.57,4.96,0.39,1
DamonWayans1_Audio.json,0,a,4.96,5.04,0.08,0
DamonWayans1_Audio.json,0,happy,5.04,5.43,0.39,1
DamonWayans1_Audio.json,0,because,5.43,5.97,0.54,0
DamonWayans1_Audio.json,0,it's,6.0,6.21,0.21,1
DamonWayans1_Audio.json,0,the,6.21,6.35,0.14,1
DamonWayans1_Audio.json,0,best,6.35,6.68,0.33,0
DamonWayans1_Audio.json,0,way,6.68,6.91,0.23,1
DamonWayans1_Audio.json,0,to,6.91,7.39,0.48,1
DamonWayans1_Audio.json,0,parent,7.42,7.82,0.4,0
DamonWayans1_Audio.json,0,you,7.85,7.98,0.13,0
DamonWayans1_Audio.json,0,know,7.98,8.1,0.12,0
DamonWayans1_Audio.json,0,me,8.1,8.22,0.12,0
DamonWayans1_Audio.json,0,I,8.22,8.31,0.09,1
DamonWayans1_Audio.json,0,think,8.31,8.56,0.25,0
DamonWayans1_Audio.json,0,I,8.56,8.6,0.04,0
DamonWayans1_Audio.json,0,finally,8.6,8.98,0.38,0
DamonWayans1_Audio.json,0,figured,8.98,9.31,0.33,0
DamonWayans1_Audio.json,0,it,9.31,9.39,0.08,0
DamonWayans1_Audio.json,0,out,9.39,9.61,0.22,0
DamonWayans1_Audio.json,0,like,9.79,9.98,0.19,0
DamonWayans1_Audio.json,0,my,9.98,10.1,0.12,0
DamonWayans1_Audio.json,0,granddaughter,10.1,10.79,0.69,0
DamonWayans1_Audio.json,0,is,10.79,11.22,0.43,1
DamonWayans1_Audio.json,0,to,11.22,11.67,0.45,1
DamonWayans1_Audio.json,0,now,11.67,11.96,0.29,0
DamonWayans1_Audio.json,0,she's,11.96,12.13,0.17,0
DamonWayans1_Audio.json,0,going,12.13,12.34,0.21,0
DamonWayans1_Audio.json,0,to,12.34,12.45,0.11,0
DamonWayans1_Audio.json,0,terrible,12.45,12.86,0.41,0
DamonWayans1_Audio.json,0,twos,12.86,13.25,0.39,0
DamonWayans1_Audio.json,0,and,13.43,13.57,0.14,0
DamonWayans1_Audio.json,0,what,13.57,13.71,0.14,0
DamonWayans1_Audio.json,0,she,13.71,13.85,0.14,0
DamonWayans1_Audio.json,0,does,13.85,14.37,0.52,1
DamonWayans1_Audio.json,0,if,14.45,14.61,0.16,0
DamonWayans1_Audio.json,0,you,14.61,14.7,0.09,0
DamonWayans1_Audio.json,0,come,14.7,14.9,0.2,0
DamonWayans1_Audio.json,0,by,14.9,15.03,0.13,0
DamonWayans1_Audio.json,0,my,15.03,15.15,0.12,0
DamonWayans1_Audio.json,0,house,15.15,15.44,0.29,0
DamonWayans1_Audio.json,0,and,15.44,15.54,0.1,0
DamonWayans1_Audio.json,0,just,15.54,15.72,0.18,0
DamonWayans1_Audio.json,0,knock,15.72,16.04,0.32,0
DamonWayans1_Audio.json,0,stuff,16.04,16.37,0.33,0
DamonWayans1_Audio.json,0,over,16.37,16.74,0.37,0
DamonWayans1_Audio.json,0,and,16.94,17.16,0.22,1
DamonWayans1_Audio.json,0,she's,17.16,17.42,0.26,1
DamonWayans1_Audio.json,0,different,17.42,17.96,0.54,0
DamonWayans1_Audio.json,0,you,17.96,18.06,0.1,0
DamonWayans1_Audio.json,0,look,18.06,18.27,0.21,0
DamonWayans1_Audio.json,0,at,18.27,18.37,0.1,0
DamonWayans1_Audio.json,0,me,18.37,18.49,0.12,0
DamonWayans1_Audio.json,0,when,18.49,18.64,0.15,0
DamonWayans1_Audio.json,0,she,18.64,18.77,0.13,0
DamonWayans1_Audio.json,0,does,18.77,19.03,0.26,0
DamonWayans1_Audio.json,0,it,19.03,19.18,0.15,0
DamonWayans1_Audio.json,0,make,19.18,19.36,0.18,0
DamonWayans1_Audio.json,0,you,19.36,19.43,0.07,0
DamonWayans1_Audio.json,0,go,19.43,19.64,0.21,1
DamonWayans1_Audio.json,1,well,22.95,23.18,0.23,0
DamonWayans1_Audio.json,1,well,23.18,23.65,0.47,1
DamonWayans1_Audio.json,1,well,23.68,23.84,0.16,0
DamonWayans1_Audio.json,2,and,24.71,24.94,0.23,1
DamonWayans1_Audio.json,2,the,24.94,25.05,0.11,0
DamonWayans1_Audio.json,2,Emmy,25.05,25.42,0.37,0
DamonWayans1_Audio.json,2,don't,25.42,25.68,0.26,0
DamonWayans1_Audio.json,2,do,25.68,25.82,0.14,0
DamonWayans1_Audio.json,2,that,25.82,26.09,0.27,1
DamonWayans1_Audio.json,3,don't,27.94,28.43,0.49,1
DamonWayans1_Audio.json,3,do,28.43,28.64,0.21,1
DamonWayans1_Audio.json,3,it,28.64,28.86,0.22,1
DamonWayans1_Audio.json,4,Amy,30.18,30.68,0.5,0
DamonWayans1_Audio.json,5,well,31.79,31.97,0.18,0
DamonWayans1_Audio.json,5,now,31.97,32.52,0.55,1
DamonWayans1_Audio.json,6,and,34.55,34.71,0.16,0
DamonWayans1_Audio.json,6,you,34.71,34.79,0.08,0
DamonWayans1_Audio.json,6,know,34.79,34.89,0.1,0
DamonWayans1_Audio.json,6,I,34.89,34.95,0.06,0
DamonWayans1_Audio.json,6,tried,34.95,35.44,0.49,0
DamonWayans1_Audio.json,6,the,35.44,35.57,0.13,1
DamonWayans1_Audio.json,6,did,35.57,35.9,0.33,1
DamonWayans1_Audio.json,6,the,35.9,35.99,0.09,0
DamonWayans1_Audio.json,6,firmware,35.99,36.52,0.53,0
DamonWayans1_Audio.json,6,to,36.52,36.61,0.09,0
DamonWayans1_Audio.json,6,ME,36.61,37.01,0.4,0
DamonWayans1_Audio.json,6,every,37.01,37.27,0.26,0
DamonWayans1_Audio.json,6,government,37.27,37.69,0.42,0
DamonWayans1_Audio.json,6,in,37.69,37.83,0.14,1
DamonWayans1_Audio.json,6,in,37.83,38.0,0.17,1
DamonWayans1_Audio.json,6,in,38.0,38.12,0.12,0
DamonWayans1_Audio.json,6,scares,38.12,38.65,0.53,0
DamonWayans1_Audio.json,6,her,38.65,38.96,0.31,0
DamonWayans1_Audio.json,6,and,39.26,39.49,0.23,1
DamonWayans1_Audio.json,6,so,39.49,39.73,0.24,1
DamonWayans1_Audio.json,6,kids,39.73,40.27,0.54,1
DamonWayans1_Audio.json,6,I,40.27,40.34,0.07,0
DamonWayans1_Audio.json,6,realized,40.34,40.86,0.52,0
DamonWayans1_Audio.json,6,that,40.86,41.0,0.14,0
DamonWayans1_Audio.json,6,they,41.0,41.1,0.1,0
DamonWayans1_Audio.json,6,respond,41.1,41.97,0.87,0
DamonWayans1_Audio.json,6,to,42.07,42.24,0.17,1
DamonWayans1_Audio.json,6,silly,42.24,42.61,0.37,0
DamonWayans1_Audio.json,6,voices,42.61,43.25,0.64,0
DamonWayans1_Audio.json,6,and,43.34,43.52,0.18,0
DamonWayans1_Audio.json,6,happy,43.52,43.83,0.31,0
DamonWayans1_Audio.json,6,song,43.83,44.31,0.48,1
DamonWayans1_Audio.json,6,so,44.42,44.56,0.14,0
DamonWayans1_Audio.json,6,I,44.56,44.59,0.03,0
DamonWayans1_Audio.json,6,made,44.59,44.8,0.21,0
DamonWayans1_Audio.json,6,up,44.8,44.91,0.11,0
DamonWayans1_Audio.json,6,this,44.91,45.04,0.13,0
DamonWayans1_Audio.json,6,little,45.04,45.29,0.25,0
DamonWayans1_Audio.json,6,song,45.32,45.67,0.35,0
DamonWayans1_Audio.json,6,like,45.67,45.86,0.19,0
DamonWayans1_Audio.json,6,this,45.89,46.07,0.18,0
DamonWayans1_Audio.json,7,me,47.08,47.35,0.27,1
DamonWayans1_Audio.json,8,well,48.3,48.5,0.2,0
DamonWayans1_Audio.json,8,not,48.5,48.77,0.27,1
DamonWayans1_Audio.json,8,that,48.77,48.96,0.19,0
DamonWayans1_Audio.json,8,that,48.96,49.14,0.18,0
DamonWayans1_Audio.json,8,would,49.39,49.6,0.21,0
DamonWayans1_Audio.json,8,impact,49.6,50.15,0.55,0
DamonWayans1_Audio.json,8,repeat,50.95,51.39,0.44,0
DamonWayans1_Audio.json,8,this,51.45,51.76,0.31,1
DamonWayans1_Audio.json,8,up,51.76,51.98,0.22,0
DamonWayans1_Audio.json,8,and,52.04,52.33,0.29,1
DamonWayans1_Audio.json,8,put,52.4,52.65,0.25,0
DamonWayans1_Audio.json,8,it,52.65,52.91,0.26,1
DamonWayans1_Audio.json,8,back,52.91,53.18,0.27,0
DamonWayans1_Audio.json,8,up,53.51,53.9,0.39,1
DamonWayans1_Audio.json,8,flitted,54.02,54.42,0.4,0
DamonWayans1_Audio.json,8,back,54.42,54.77,0.35,0
DamonWayans1_Audio.json,8,so,55.11,55.25,0.14,0
DamonWayans1_Audio.json,8,polluted,55.25,55.79,0.54,0
DamonWayans1_Audio.json,8,that,55.84,56.05,0.21,1
DamonWayans1_Audio.json,8,you,56.21,56.31,0.1,0
DamonWayans1_Audio.json,8,would,56.31,56.62,0.31,1
DamonWayans1_Audio.json,8,big,56.66,56.87,0.21,0
DamonWayans1_Audio.json,8,data,56.98,57.45,0.47,0
DamonWayans1_Audio.json,8,and,57.55,57.86,0.31,1
DamonWayans1_Audio.json,8,put,57.86,58.12,0.26,0
DamonWayans1_Audio.json,8,it,58.12,58.37,0.25,1
DamonWayans1_Audio.json,8,back,58.37,58.69,0.32,0
DamonWayans1_Audio.json,8,up,58.87,59.09,0.22,0
DamonWayans1_Audio.json,8,move,59.19,59.43,0.24,0
DamonWayans1_Audio.json,8,it,59.43,59.62,0.19,1
DamonWayans1_Audio.json,8,back,59.62,59.99,0.37,1
DamonWayans1_Audio.json,8,like,60.11,60.41,0.3,1
DamonWayans1_Audio.json,10,he,68.36,68.51,0.15,0
DamonWayans1_Audio.json,10,loved,68.51,68.87,0.36,0
DamonWayans1_Audio.json,10,the,68.87,69.01,0.14,1
DamonWayans1_Audio.json,10,lord,69.09,69.41,0.32,0
DamonWayans1_Audio.json,11,and,70.73,70.82,0.09,0
DamonWayans1_Audio.json,11,I,70.82,70.85,0.03,0
DamonWayans1_Audio.json,11,have,70.85,71.0,0.15,0
DamonWayans1_Audio.json,11,a,71.0,71.05,0.05,0
DamonWayans1_Audio.json,11,grandson,71.05,72.0,0.95,1
DamonWayans1_Audio.json,12,grandsons,72.55,73.39,0.84,0
DamonWayans1_Audio.json,12,a,73.39,73.44,0.05,0
DamonWayans1_Audio.json,12,different,73.44,74.06,0.62,1
DamonWayans1_Audio.json,12,because,74.06,74.61,0.55,0
DamonWayans1_Audio.json,12,girls,74.88,75.34,0.46,0
DamonWayans1_Audio.json,12,are,75.34,75.47,0.13,0
DamonWayans1_Audio.json,12,sensitive,75.47,76.05,0.58,0
DamonWayans1_Audio.json,12,you,76.05,76.13,0.08,0
DamonWayans1_Audio.json,12,gotta,76.13,76.31,0.18,0
DamonWayans1_Audio.json,12,watch,76.31,76.59,0.28,0
DamonWayans1_Audio.json,12,how,76.59,76.72,0.13,0
DamonWayans1_Audio.json,12,you,76.72,76.85,0.13,0
DamonWayans1_Audio.json,12,play,76.85,77.08,0.23,0
DamonWayans1_Audio.json,12,with,77.08,77.25,0.17,1
DamonWayans1_Audio.json,12,him,77.25,77.45,0.2,0
DamonWayans1_Audio.json,12,so,77.72,78.06,0.34,1
DamonWayans1_Audio.json,12,I,78.09,78.19,0.1,1
DamonWayans1_Audio.json,12,took,78.19,78.44,0.25,1
DamonWayans1_Audio.json,12,my,78.44,78.56,0.12,0
DamonWayans1_Audio.json,12,grandson,78.56,79.25,0.69,0
DamonWayans1_Audio.json,12,to,79.25,79.43,0.18,1
DamonWayans1_Audio.json,12,the,79.43,79.52,0.09,0
DamonWayans1_Audio.json,12,mall,79.52,79.97,0.45,1
DamonWayans1_Audio.json,12,and,80.0,80.09,0.09,0
DamonWayans1_Audio.json,12,we,80.09,80.19,0.1,0
DamonWayans1_Audio.json,12,walk,80.19,80.44,0.25,0
DamonWayans1_Audio.json,12,into,80.44,80.64,0.2,0
DamonWayans1_Audio.json,12,the,80.64,80.71,0.07,0
DamonWayans1_Audio.json,12,mall,80.71,81.18,0.47,1
DamonWayans1_Audio.json,12,and,81.51,81.72,0.21,1
DamonWayans1_Audio.json,12,I,81.72,81.78,0.06,0
DamonWayans1_Audio.json,12,fart,81.78,82.2,0.42,0
DamonWayans1_Audio.json,12,in,82.23,82.35,0.12,0
DamonWayans1_Audio.json,12,his,82.35,82.5,0.15,0
DamonWayans1_Audio.json,12,hand,82.5,82.77,0.27,0
DamonWayans1_Audio.json,12,had,82.77,82.93,0.16,0
DamonWayans1_Audio.json,12,to,82.93,82.99,0.06,0
DamonWayans1_Audio.json,12,fart,82.99,83.39,0.4,0
DamonWayans1_Audio.json,12,not,83.39,83.54,0.15,0
DamonWayans1_Audio.json,12,just,83.54,83.71,0.17,0
DamonWayans1_Audio.json,12,eaten,83.71,83.95,0.24,0
DamonWayans1_Audio.json,12,his,83.95,84.12,0.17,0
DamonWayans1_Audio.json,12,hand,84.12,84.35,0.23,0
DamonWayans1_Audio.json,12,went,84.35,84.51,0.16,0
DamonWayans1_Audio.json,13,he,86.52,86.66,0.14,0
DamonWayans1_Audio.json,13,thought,86.66,86.89,0.23,0
DamonWayans1_Audio.json,13,it,86.89,86.95,0.06,0
DamonWayans1_Audio.json,13,was,86.95,87.07,0.12,0
DamonWayans1_Audio.json,13,the,87.07,87.16,0.09,0
DamonWayans1_Audio.json,13,funniest,87.16,87.58,0.42,0
DamonWayans1_Audio.json,13,thing,87.58,87.75,0.17,0
DamonWayans1_Audio.json,13,on,87.75,87.84,0.09,0
DamonWayans1_Audio.json,13,one,87.84,88.08,0.24,0
DamonWayans1_Audio.json,13,side,88.08,88.35,0.27,0
DamonWayans1_Audio.json,14,it,92.03,92.22,0.19,1
DamonWayans1_Audio.json,14,was,92.22,92.33,0.11,0
DamonWayans1_Audio.json,14,like,92.33,92.49,0.16,0
DamonWayans1_Audio.json,14,look,92.49,92.7,0.21,0
DamonWayans1_Audio.json,14,I,92.74,92.85,0.11,1
DamonWayans1_Audio.json,14,need,92.85,93.08,0.23,0
DamonWayans1_Audio.json,14,to,93.08,93.15,0.07,0
DamonWayans1_Audio.json,14,get,93.15,93.35,0.2,0
DamonWayans1_Audio.json,14,some,93.35,93.47,0.12,0
DamonWayans1_Audio.json,14,Chinese,93.47,93.9,0.43,0
DamonWayans1_Audio.json,14,who,93.9,94.1,0.2,0
DamonWayans1_Audio.json,14,did,94.1,94.27,0.17,0
DamonWayans1_Audio.json,14,not,94.27,94.49,0.22,0
DamonWayans1_Audio.json,14,keep,94.49,94.72,0.23,0
DamonWayans1_Audio.json,14,doing,94.72,94.96,0.24,0
DamonWayans1_Audio.json,14,it,94.96,95.08,0.12,0
DamonWayans1_Audio.json,16,I'm,102.07,102.28,0.21,0
DamonWayans1_Audio.json,16,going,102.28,102.44,0.16,0
DamonWayans1_Audio.json,16,to,102.44,102.53,0.09,0
DamonWayans1_Audio.json,16,be,102.53,102.7,0.17,0
DamonWayans1_Audio.json,16,plenty,102.7,103.09,0.39,0
DamonWayans1_Audio.json,16,to,103.09,103.2,0.11,0
DamonWayans1_Audio.json,16,do,103.2,103.43,0.23,1
DamonWayans1_Audio.json,16,this,103.43,103.66,0.23,0
DamonWayans1_Audio.json,16,to,103.66,103.83,0.17,1
DamonWayans1_Audio.json,16,my,103.83,104.02,0.19,0
DamonWayans1_Audio.json,16,granddaughter,104.02,104.97,0.95,1
DamonWayans1_Audio.json,17,so,105.27,105.41,0.14,0
DamonWayans1_Audio.json,17,we,105.41,105.55,0.14,0
DamonWayans1_Audio.json,17,work,105.55,105.8,0.25,0
DamonWayans1_Audio.json,17,at,105.8,105.93,0.13,1
DamonWayans1_Audio.json,17,the,105.93,106.13,0.2,1
DamonWayans1_Audio.json,17,mall,106.13,106.54,0.41,0
DamonWayans1_Audio.json,18,and,108.07,108.23,0.16,0
DamonWayans1_Audio.json,18,I,108.23,108.31,0.08,0
DamonWayans1_Audio.json,18,partner,108.31,108.77,0.46,0
DamonWayans1_Audio.json,18,him,108.77,108.99,0.22,0
DamonWayans1_Audio.json,18,to,108.99,109.05,0.06,0
DamonWayans1_Audio.json,18,go,109.05,109.19,0.14,0
DamonWayans1_Audio.json,18,away,110.0,110.29,0.29,0
DamonWayans1_Audio.json,18,all,110.34,110.56,0.22,0
DamonWayans1_Audio.json,18,well,110.56,111.08,0.52,1
DamonWayans1_Audio.json,18,and,111.48,111.61,0.13,0
DamonWayans1_Audio.json,18,she,111.61,111.81,0.2,1
DamonWayans1_Audio.json,18,just,111.81,112.11,0.3,1
DamonWayans1_Audio.json,18,falls,112.11,112.49,0.38,0
DamonWayans1_Audio.json,18,down,112.49,112.92,0.43,1
DamonWayans1_Audio.json,18,it's,112.92,113.12,0.2,0
DamonWayans1_Audio.json,18,stored,113.12,113.43,0.31,0
DamonWayans1_Audio.json,18,crying,113.43,113.95,0.52,0
DamonWayans1_Audio.json,18,in,113.95,114.06,0.11,0
DamonWayans1_Audio.json,18,the,114.06,114.14,0.08,0
DamonWayans1_Audio.json,18,middle,114.14,114.46,0.32,0
DamonWayans1_Audio.json,21,Mike,122.75,123.05,0.3,0
DamonWayans1_Audio.json,21,snorted,123.05,123.53,0.48,0
DamonWayans1_Audio.json,21,again,123.53,123.82,0.29,0
DamonWayans1_Audio.json,21,had,123.82,124.05,0.23,1
DamonWayans1_Audio.json,21,to,124.05,124.18,0.13,0
DamonWayans1_Audio.json,21,was,124.18,124.37,0.19,1
DamonWayans1_Audio.json,21,Chinese,124.37,124.89,0.52,0
DamonWayans1_Audio.json,21,food,124.89,125.25,0.36,0
DamonWayans1_Audio.json,23,and,127.83,128.02,0.19,0
DamonWayans1_Audio.json,23,this,128.02,128.21,0.19,0
DamonWayans1_Audio.json,23,so,128.21,128.48,0.27,1
DamonWayans1_Audio.json,23,sensitive,128.48,129.21,0.73,1
DamonWayans1_Audio.json,23,like,129.21,129.53,0.32,1
DamonWayans1_Audio.json,23,little,129.53,129.75,0.22,0
DamonWayans1_Audio.json,23,girls,129.75,130.18,0.43,0
DamonWayans1_Audio.json,23,you,130.18,130.28,0.1,0
DamonWayans1_Audio.json,23,know,130.28,130.5,0.22,1
DamonWayans1_Audio.json,23,and,130.64,130.94,0.3,1
DamonWayans1_Audio.json,23,and,130.97,131.23,0.26,1
DamonWayans1_Audio.json,23,that,131.23,131.4,0.17,0
DamonWayans1_Audio.json,23,thing,131.4,131.55,0.15,0
DamonWayans1_Audio.json,23,is,131.55,131.7,0.15,0
DamonWayans1_Audio.json,23,they,131.7,131.93,0.23,1
DamonWayans1_Audio.json,23,they,131.97,132.1,0.13,0
DamonWayans1_Audio.json,23,play,132.1,132.5,0.4,1
DamonWayans1_Audio.json,23,for,132.5,132.66,0.16,0
DamonWayans1_Audio.json,23,different,132.66,133.13,0.47,0
DamonWayans1_Audio.json,23,like,133.13,133.41,0.28,1
DamonWayans1_Audio.json,23,my,133.41,133.86,0.45,1
DamonWayans1_Audio.json,23,granddaughter,134.02,134.61,0.59,0
DamonWayans1_Audio.json,23,when,134.61,134.81,0.2,1
DamonWayans1_Audio.json,23,she,134.81,135.04,0.23,1
DamonWayans1_Audio.json,23,says,135.04,135.38,0.34,0
DamonWayans1_Audio.json,23,there,135.41,135.77,0.36,1
DamonWayans1_Audio.json,23,Papa,135.8,136.32,0.52,1
DamonWayans1_Audio.json,23,I'm,136.61,136.87,0.26,1
DamonWayans1_Audio.json,23,gonna,136.87,137.15,0.28,0
DamonWayans1_Audio.json,23,be,137.15,137.33,0.18,1
DamonWayans1_Audio.json,23,a,137.33,137.39,0.06,0
DamonWayans1_Audio.json,23,princess,137.39,138.03,0.64,0
DamonWayans1_Audio.json,23,is,138.03,138.19,0.16,0
DamonWayans1_Audio.json,23,always,138.19,138.5,0.31,0
DamonWayans1_Audio.json,23,so,138.5,138.64,0.14,0
DamonWayans1_Audio.json,23,sweet,138.74,139.24,0.5,0
DamonWayans1_Audio.json,23,you,139.24,139.36,0.12,0
DamonWayans1_Audio.json,23,know,139.36,139.6,0.24,1
DamonWayans1_Audio.json,23,or,139.8,140.06,0.26,0
DamonWayans1_Audio.json,23,have,140.06,140.39,0.33,1
DamonWayans1_Audio.json,23,a,140.39,140.45,0.06,0
DamonWayans1_Audio.json,23,tea,140.45,140.8,0.35,0
DamonWayans1_Audio.json,23,party,140.8,141.37,0.57,0
DamonWayans1_Audio.json,24,my,141.94,142.12,0.18,0
DamonWayans1_Audio.json,24,grand,142.12,142.61,0.49,0
DamonWayans1_Audio.json,24,son,142.61,142.97,0.36,0
DamonWayans1_Audio.json,24,if,142.97,143.11,0.14,0
DamonWayans1_Audio.json,24,he,143.11,143.26,0.15,0
DamonWayans1_Audio.json,24,says,143.26,143.55,0.29,0
DamonWayans1_Audio.json,24,look,143.55,143.85,0.3,1
DamonWayans1_Audio.json,24,Papa,143.85,144.27,0.42,0
DamonWayans1_Audio.json,24,that,144.27,144.44,0.17,0
DamonWayans1_Audio.json,24,means,144.44,144.71,0.27,0
DamonWayans1_Audio.json,24,he's,144.71,144.91,0.2,0
DamonWayans1_Audio.json,24,on,144.91,145.06,0.15,1
DamonWayans1_Audio.json,24,top,145.06,145.39,0.33,0
DamonWayans1_Audio.json,24,of,145.39,145.45,0.06,0
DamonWayans1_Audio.json,24,the,145.45,145.52,0.07,0
DamonWayans1_Audio.json,24,rules,145.52,145.86,0.34,0
DamonWayans1_Audio.json,24,but,145.86,146.1,0.24,1
DamonWayans1_Audio.json,24,naked,146.13,146.65,0.52,0
DamonWayans1_Audio.json,24,about,147.3,147.68,0.38,1
DamonWayans1_Audio.json,24,to,147.68,147.78,0.1,0
DamonWayans1_Audio.json,24,jump,147.78,148.1,0.32,0
DamonWayans1_Audio.json,24,into,148.1,148.34,0.24,1
DamonWayans1_Audio.json,24,the,148.34,148.47,0.13,1
DamonWayans1_Audio.json,24,empty,148.47,148.82,0.35,0
DamonWayans1_Audio.json,24,pool,148.82,149.3,0.48,0
DamonWayans1_Audio.json,24,took,149.7,149.88,0.18,0
DamonWayans1_Audio.json,24,a,149.88,150.05,0.17,1
DamonWayans1_Audio.json,25,they,151.0,151.18,0.18,1
DamonWayans1_Audio.json,25,did,151.18,151.39,0.21,0
DamonWayans1_Audio.json,25,play,151.39,151.71,0.32,0
DamonWayans1_Audio.json,25,different,151.71,152.2,0.49,0
DamonWayans1_Audio.json,26,some,155.21,155.54,0.33,1
DamonWayans1_Audio.json,26,fifty,155.54,155.94,0.4,0
DamonWayans1_Audio.json,26,four,155.94,156.3,0.36,0
DamonWayans1_Audio.json,26,now,156.3,156.63,0.33,0
DamonWayans1_Audio.json,26,no,156.68,156.82,0.14,0
DamonWayans1_Audio.json,26,moon,156.82,157.04,0.22,0
DamonWayans1_Audio.json,26,and,157.04,157.23,0.19,0
DamonWayans1_Audio.json,26,wondering,157.23,157.88,0.65,0
DamonWayans1_Audio.json,26,where,157.88,158.28,0.4,1
DamonWayans1_Audio.json,26,did,158.28,158.48,0.2,0
DamonWayans1_Audio.json,26,life,158.48,158.85,0.37,1
DamonWayans1_Audio.json,26,go,158.85,159.03,0.18,0
DamonWayans1_Audio.json,27,you,159.54,159.67,0.13,0
DamonWayans1_Audio.json,27,know,159.67,159.89,0.22,1
DamonWayans1_Audio.json,27,and,159.97,160.11,0.14,0
DamonWayans1_Audio.json,27,I,160.11,160.15,0.04,0
DamonWayans1_Audio.json,27,it,160.25,160.41,0.16,0
DamonWayans1_Audio.json,27,and,160.44,160.64,0.2,0
DamonWayans1_Audio.json,27,think,160.69,160.9,0.21,0
DamonWayans1_Audio.json,27,about,160.9,161.11,0.21,0
DamonWayans1_Audio.json,27,life,161.11,161.37,0.26,0
DamonWayans1_Audio.json,27,is,161.37,161.46,0.09,0
DamonWayans1_Audio.json,27,like,161.46,161.6,0.14,0
DamonWayans1_Audio.json,27,a,161.6,161.64,0.04,0
DamonWayans1_Audio.json,27,roller,161.64,161.87,0.23,0
DamonWayans1_Audio.json,27,coaster,161.87,162.18,0.31,0
DamonWayans1_Audio.json,27,ride,162.18,162.38,0.2,0
DamonWayans1_Audio.json,27,suits,162.41,162.71,0.3,0
DamonWayans1_Audio.json,27,you,162.71,162.82,0.11,0
DamonWayans1_Audio.json,27,think,162.82,163.15,0.33,1
DamonWayans1_Audio.json,27,you've,163.15,163.29,0.14,0
DamonWayans1_Audio.json,27,figured,163.29,163.63,0.34,0
DamonWayans1_Audio.json,27,this,163.63,163.8,0.17,0
DamonWayans1_Audio.json,27,out,163.8,164.07,0.27,1
DamonWayans1_Audio.json,27,it's,164.22,164.43,0.21,1
DamonWayans1_Audio.json,27,over,164.43,164.92,0.49,1
DamonWayans1_Audio.json,27,you,165.14,165.23,0.09,0
DamonWayans1_Audio.json,27,know,165.23,165.33,0.1,0
DamonWayans1_Audio.json,27,you,165.33,165.48,0.15,1
DamonWayans1_Audio.json,27,forget,165.48,165.85,0.37,0
DamonWayans1_Audio.json,27,a,165.85,165.91,0.06,0
DamonWayans1_Audio.json,27,roller,165.91,166.14,0.23,0
DamonWayans1_Audio.json,27,coaster,166.14,166.47,0.33,0
DamonWayans1_Audio.json,27,ride,166.47,166.87,0.4,0
DamonWayans1_Audio.json,27,you,167.08,167.19,0.11,0
DamonWayans1_Audio.json,27,think,167.19,167.42,0.23,0
DamonWayans1_Audio.json,27,you,167.42,167.5,0.08,0
DamonWayans1_Audio.json,27,know,167.5,167.65,0.15,0
DamonWayans1_Audio.json,27,everything,167.65,168.11,0.46,0
DamonWayans1_Audio.json,27,strappy,168.54,169.01,0.47,0
DamonWayans1_Audio.json,27,any,169.01,169.25,0.24,0
DamonWayans1_Audio.json,27,to,169.25,169.44,0.19,1
DamonWayans1_Audio.json,27,you,169.44,169.61,0.17,1
DamonWayans1_Audio.json,27,keep,169.78,170.04,0.26,0
DamonWayans1_Audio.json,27,your,170.04,170.13,0.09,0
DamonWayans1_Audio.json,27,head,170.13,170.44,0.31,0
DamonWayans1_Audio.json,27,down,170.44,170.73,0.29,0
DamonWayans1_Audio.json,27,take,170.73,170.94,0.21,0
DamonWayans1_Audio.json,27,to,170.94,171.01,0.07,0
DamonWayans1_Audio.json,27,head,171.01,171.35,0.34,0
DamonWayans1_Audio.json,27,off,171.35,171.55,0.2,0
DamonWayans1_Audio.json,27,don't,171.55,171.73,0.18,0
DamonWayans1_Audio.json,27,speak,171.73,172.01,0.28,0
DamonWayans1_Audio.json,27,like,172.01,172.23,0.22,0
DamonWayans1_Audio.json,27,don't,172.44,172.74,0.3,0
DamonWayans1_Audio.json,27,tell,172.74,172.94,0.2,0
DamonWayans1_Audio.json,27,me,172.94,173.07,0.13,0
DamonWayans1_Audio.json,27,how,173.07,173.27,0.2,1
DamonWayans1_Audio.json,27,to,173.27,173.35,0.08,0
DamonWayans1_Audio.json,27,wrap,173.35,173.71,0.36,0
DamonWayans1_Audio.json,27,my,173.71,173.94,0.23,1
DamonWayans1_Audio.json,27,rack,173.94,174.36,0.42,0
DamonWayans1_Audio.json,27,I'm,174.52,174.76,0.24,1
DamonWayans1_Audio.json,27,I,174.91,175.02,0.11,1
DamonWayans1_Audio.json,27,would,175.02,175.2,0.18,0
DamonWayans1_Audio.json,27,be,175.2,175.31,0.11,0
DamonWayans1_Audio.json,27,an,175.31,175.41,0.1,0
DamonWayans1_Audio.json,27,astronaut,175.47,176.11,0.64,0
DamonWayans1_Audio.json,27,one,176.2,176.35,0.15,0
DamonWayans1_Audio.json,27,divide,176.35,176.76,0.41,0
DamonWayans1_Audio.json,27,a,176.76,176.82,0.06,0
DamonWayans1_Audio.json,27,lot,176.82,177.18,0.36,0
DamonWayans1_Audio.json,27,get,177.43,177.63,0.2,0
DamonWayans1_Audio.json,27,active,177.75,178.16,0.41,0
DamonWayans1_Audio.json,27,laugh,178.19,178.62,0.43,0
DamonWayans1_Audio.json,27,echo,178.65,178.87,0.22,0
DamonWayans1_Audio.json,27,what,178.87,179.15,0.28,1
DamonWayans1_Audio.json,27,do,179.15,179.28,0.13,0
DamonWayans1_Audio.json,27,well,179.28,179.72,0.44,1
DamonWayans1_Audio.json,27,I,179.82,179.96,0.14,1
DamonWayans1_Audio.json,27,mean,179.96,180.23,0.27,0
DamonWayans1_Audio.json,27,visible,180.26,181.07,0.81,1
DamonWayans1_Audio.json,27,in,181.21,181.32,0.11,0
DamonWayans1_Audio.json,27,a,181.32,181.38,0.06,0
DamonWayans1_Audio.json,27,strappy,181.38,181.77,0.39,0
DamonWayans1_Audio.json,27,now,181.77,181.98,0.21,0
DamonWayans1_Audio.json,27,okay,181.98,182.38,0.4,0
DamonWayans1_Audio.json,28,and,182.95,183.1,0.15,0
DamonWayans1_Audio.json,28,into,183.1,183.26,0.16,0
DamonWayans1_Audio.json,28,Riley's,183.26,183.77,0.51,0
DamonWayans1_Audio.json,28,decision,183.77,184.29,0.52,0
DamonWayans1_Audio.json,28,pink,184.32,184.67,0.35,0
DamonWayans1_Audio.json,28,pink,184.67,185.03,0.36,0
DamonWayans1_Audio.json,28,pink,185.03,185.33,0.3,0
DamonWayans1_Audio.json,28,take,185.39,185.6,0.21,0
DamonWayans1_Audio.json,28,this,185.76,186.05,0.29,1
DamonWayans1_Audio.json,28,all,186.08,186.41,0.33,1
DamonWayans1_Audio.json,28,up,186.44,186.69,0.25,1
DamonWayans1_Audio.json,28,hill,186.69,187.0,0.31,0
DamonWayans1_Audio.json,28,and,187.0,187.19,0.19,0
DamonWayans1_Audio.json,28,a,187.19,187.22,0.03,0
DamonWayans1_Audio.json,28,slow,187.22,187.65,0.43,0
DamonWayans1_Audio.json,28,baton,187.74,188.13,0.39,0
DamonWayans1_Audio.json,28,good,188.13,188.52,0.39,0
DamonWayans1_Audio.json,28,happens,188.52,189.09,0.57,0
DamonWayans1_Audio.json,28,it,189.17,189.32,0.15,0
DamonWayans1_Audio.json,28,to,189.32,189.46,0.14,0
DamonWayans1_Audio.json,28,you,189.46,189.59,0.13,0
DamonWayans1_Audio.json,28,turn,189.59,189.94,0.35,0
DamonWayans1_Audio.json,28,twenty,189.94,190.26,0.32,0
DamonWayans1_Audio.json,28,one,190.26,190.53,0.27,1
DamonWayans1_Audio.json,28,it's,190.64,190.77,0.13,0
DamonWayans1_Audio.json,28,just,190.77,191.03,0.26,1
DamonWayans1_Audio.json,28,more,191.03,191.31,0.28,0
DamonWayans1_Audio.json,28,rules,191.31,191.62,0.31,0
DamonWayans1_Audio.json,28,they,191.62,191.72,0.1,0
DamonWayans1_Audio.json,28,to,191.72,191.86,0.14,0
DamonWayans1_Audio.json,28,you,191.86,192.08,0.22,1
DamonWayans1_Audio.json,28,care,192.08,192.37,0.29,0
DamonWayans1_Audio.json,28,fly,192.37,192.68,0.31,0
DamonWayans1_Audio.json,28,you,192.68,192.84,0.16,1
DamonWayans1_Audio.json,28,can't,192.84,193.14,0.3,0
DamonWayans1_Audio.json,28,see,193.14,193.3,0.16,0
DamonWayans1_Audio.json,28,too,193.3,193.43,0.13,0
DamonWayans1_Audio.json,28,well,193.43,193.75,0.32,0
DamonWayans1_Audio.json,28,but,193.85,194.03,0.18,0
DamonWayans1_Audio.json,28,you,194.03,194.26,0.23,1
DamonWayans1_Audio.json,28,waited,194.26,194.54,0.28,0
DamonWayans1_Audio.json,28,visible,194.54,194.89,0.35,0
DamonWayans1_Audio.json,28,you,194.89,195.01,0.12,0
DamonWayans1_Audio.json,28,couldn't,195.01,195.32,0.31,0
DamonWayans1_Audio.json,28,I,195.32,195.36,0.04,0
DamonWayans1_Audio.json,28,think,195.36,195.56,0.2,0
DamonWayans1_Audio.json,28,duck,195.8,196.01,0.21,0
DamonWayans1_Audio.json,28,bet,196.01,196.36,0.35,0
DamonWayans1_Audio.json,29,did,197.25,197.41,0.16,0
DamonWayans1_Audio.json,29,you,197.41,197.5,0.09,0
DamonWayans1_Audio.json,29,keep,197.5,197.76,0.26,0
DamonWayans1_Audio.json,29,going,197.76,198.05,0.29,1
DamonWayans1_Audio.json,29,you,198.05,198.15,0.1,0
DamonWayans1_Audio.json,29,go,198.15,198.33,0.18,0
DamonWayans1_Audio.json,29,to,198.33,198.46,0.13,0
DamonWayans1_Audio.json,29,reappear,198.46,198.98,0.52,0
DamonWayans1_Audio.json,29,reading,198.98,199.35,0.37,0
DamonWayans1_Audio.json,29,your,199.35,199.5,0.15,0
DamonWayans1_Audio.json,29,voice,199.5,199.91,0.41,0
DamonWayans1_Audio.json,29,dusted,199.91,200.34,0.43,0
DamonWayans1_Audio.json,29,shouldn't,200.34,200.81,0.47,0
DamonWayans1_Audio.json,30,then,201.52,201.68,0.16,0
DamonWayans1_Audio.json,30,you,201.68,201.75,0.07,0
DamonWayans1_Audio.json,30,get,201.75,201.93,0.18,0
DamonWayans1_Audio.json,30,more,201.93,202.16,0.23,0
DamonWayans1_Audio.json,30,rules,202.16,202.46,0.3,0
DamonWayans1_Audio.json,30,you,202.46,202.57,0.11,0
DamonWayans1_Audio.json,30,can't,202.57,202.83,0.26,0
DamonWayans1_Audio.json,30,smoke,202.83,203.2,0.37,0
DamonWayans1_Audio.json,30,dope,203.2,203.46,0.26,0
DamonWayans1_Audio.json,30,in,203.46,203.53,0.07,0
DamonWayans1_Audio.json,30,your,203.53,203.66,0.13,0
DamonWayans1_Audio.json,30,mama's,203.66,204.01,0.35,0
DamonWayans1_Audio.json,30,house,204.01,204.29,0.28,0
DamonWayans1_Audio.json,30,you,204.29,204.37,0.08,0
DamonWayans1_Audio.json,30,can,204.37,204.61,0.24,0
DamonWayans1_Audio.json,30,have,204.61,204.85,0.24,0
DamonWayans1_Audio.json,30,sex,204.85,205.2,0.35,0
DamonWayans1_Audio.json,30,with,205.2,205.33,0.13,0
DamonWayans1_Audio.json,30,the,205.33,205.42,0.09,0
DamonWayans1_Audio.json,30,neighborhood,205.42,205.91,0.49,0
DamonWayans1_Audio.json,30,next,205.91,206.15,0.24,0
DamonWayans1_Audio.json,30,bill,206.15,206.29,0.14,0
DamonWayans1_Audio.json,30,even,206.29,206.54,0.25,0
DamonWayans1_Audio.json,30,though,206.54,206.68,0.14,0
DamonWayans1_Audio.json,30,she,206.68,206.84,0.16,0
DamonWayans1_Audio.json,30,want,206.84,207.05,0.21,0
DamonWayans1_Audio.json,30,to,207.05,207.11,0.06,0
DamonWayans1_Audio.json,30,give,207.11,207.33,0.22,0
DamonWayans1_Audio.json,30,you,207.33,207.46,0.13,0
DamonWayans1_Audio.json,30,so,207.46,207.73,0.27,1
DamonWayans1_Audio.json,30,just,207.89,208.11,0.22,0
DamonWayans1_Audio.json,30,more,208.11,208.42,0.31,1
DamonWayans1_Audio.json,30,rules,208.42,208.91,0.49,1
DamonWayans1_Audio.json,31,and,210.04,210.22,0.18,0
DamonWayans1_Audio.json,31,did,210.22,210.36,0.14,0
DamonWayans1_Audio.json,31,you,210.36,210.46,0.1,0
DamonWayans1_Audio.json,31,come,210.46,210.69,0.23,1
DamonWayans1_Audio.json,31,up,210.69,211.01,0.32,1
DamonWayans1_Audio.json,31,with,211.01,211.13,0.12,0
DamonWayans1_Audio.json,31,every,211.13,211.5,0.37,1
DamonWayans1_Audio.json,31,age,211.5,211.83,0.33,0
DamonWayans1_Audio.json,31,and,211.92,212.12,0.2,0
DamonWayans1_Audio.json,31,you,212.12,212.21,0.09,0
DamonWayans1_Audio.json,31,look,212.21,212.49,0.28,1
DamonWayans1_Audio.json,31,out,212.49,212.78,0.29,1
DamonWayans1_Audio.json,31,and,213.01,213.23,0.22,1
DamonWayans1_Audio.json,31,is,213.23,213.49,0.26,1
DamonWayans1_Audio.json,31,twenty,213.49,213.85,0.36,0
DamonWayans1_Audio.json,31,one,213.85,214.19,0.34,1
DamonWayans1_Audio.json,31,that's,214.36,214.66,0.3,1
DamonWayans1_Audio.json,31,all,214.66,214.87,0.21,0
DamonWayans1_Audio.json,31,your,214.87,215.14,0.27,1
DamonWayans1_Audio.json,31,eyes,215.14,215.33,0.19,0
DamonWayans1_Audio.json,31,and,215.47,215.63,0.16,0
DamonWayans1_Audio.json,31,a,215.63,215.67,0.04,0
DamonWayans1_Audio.json,31,rat,215.67,216.03,0.36,0
DamonWayans1_Audio.json,31,is,216.03,216.16,0.13,0
DamonWayans1_Audio.json,31,best,216.16,216.46,0.3,0
DamonWayans1_Audio.json,31,let,216.46,216.64,0.18,0
DamonWayans1_Audio.json,32,do,222.12,222.26,0.14,0
DamonWayans1_Audio.json,32,what,222.26,222.57,0.31,1
DamonWayans1_Audio.json,32,you,222.57,222.69,0.12,0
DamonWayans1_Audio.json,32,want,222.69,222.99,0.3,0
DamonWayans1_Audio.json,32,when,222.99,223.16,0.17,1
DamonWayans1_Audio.json,32,you,223.16,223.3,0.14,0
DamonWayans1_Audio.json,32,want,223.3,223.56,0.26,0
DamonWayans1_Audio.json,32,to,223.56,223.62,0.06,0
DamonWayans1_Audio.json,32,do,223.62,223.82,0.2,1
DamonWayans1_Audio.json,32,it,223.82,223.96,0.14,0
DamonWayans1_Audio.json,32,all,223.96,224.14,0.18,0
DamonWayans1_Audio.json,32,the,224.14,224.22,0.08,0
DamonWayans1_Audio.json,32,time,224.22,224.61,0.39,0
DamonWayans1_Audio.json,32,light,224.64,224.89,0.25,0
DamonWayans1_Audio.json,32,parties,224.89,225.48,0.59,0
DamonWayans1_Audio.json,32,drugs,225.48,226.1,0.62,0
DamonWayans1_Audio.json,32,sex,226.1,226.6,0.5,1
DamonWayans1_Audio.json,32,%HESITATION,226.63,226.94,0.31,0
DamonWayans1_Audio.json,32,venereal,226.94,227.41,0.47,0
DamonWayans1_Audio.json,32,disease,227.41,227.87,0.46,0
DamonWayans1_Audio.json,32,what,227.87,228.05,0.18,0
DamonWayans1_Audio.json,32,the,228.05,228.13,0.08,0
DamonWayans1_Audio.json,32,hell,228.13,228.4,0.27,0
DamonWayans1_Audio.json,32,is,228.4,228.49,0.09,0
DamonWayans1_Audio.json,32,this,228.55,228.9,0.35,1
DamonWayans1_Audio.json,32,when,229.34,229.47,0.13,0
DamonWayans1_Audio.json,32,you,229.47,229.57,0.1,0
DamonWayans1_Audio.json,32,go,229.57,229.73,0.16,0
DamonWayans1_Audio.json,32,to,229.73,229.86,0.13,0
DamonWayans1_Audio.json,32,their,229.86,229.99,0.13,0
DamonWayans1_Audio.json,32,first,229.99,230.33,0.34,0
DamonWayans1_Audio.json,32,turn,230.33,230.62,0.29,0
DamonWayans1_Audio.json,32,hard,230.62,230.98,0.36,0
DamonWayans1_Audio.json,32,responsibilities,230.98,231.89,0.91,0
DamonWayans1_Audio.json,32,we,231.89,232.01,0.12,0
DamonWayans1_Audio.json,32,got,232.01,232.4,0.39,1
DamonWayans1_Audio.json,32,really,232.4,232.75,0.35,0
DamonWayans1_Audio.json,32,you,232.78,232.98,0.2,1
DamonWayans1_Audio.json,32,got,232.98,233.35,0.37,1
DamonWayans1_Audio.json,32,gas,233.35,233.73,0.38,0
DamonWayans1_Audio.json,32,bill,233.73,233.96,0.23,1
DamonWayans1_Audio.json,32,electric,233.96,234.44,0.48,0
DamonWayans1_Audio.json,32,bill,234.44,234.65,0.21,0
DamonWayans1_Audio.json,32,student,234.65,235.06,0.41,0
DamonWayans1_Audio.json,32,loans,235.06,235.48,0.42,0
DamonWayans1_Audio.json,32,I,235.65,235.71,0.06,0
DamonWayans1_Audio.json,32,guess,235.71,236.01,0.3,0
DamonWayans1_Audio.json,32,would,236.01,236.33,0.32,1
DamonWayans1_Audio.json,32,you,236.55,236.73,0.18,1
DamonWayans1_Audio.json,32,weigh,236.73,236.94,0.21,0
DamonWayans1_Audio.json,32,no,236.94,237.19,0.25,1
DamonWayans1_Audio.json,32,asked,237.19,237.56,0.37,0
DamonWayans1_Audio.json,32,not,237.56,237.77,0.21,0
DamonWayans1_Audio.json,32,you,237.77,237.89,0.12,0
DamonWayans1_Audio.json,32,too,237.89,238.09,0.2,1
DamonWayans1_Audio.json,32,dumb,238.09,238.58,0.49,0
DamonWayans1_Audio.json,32,to,238.58,238.72,0.14,0
DamonWayans1_Audio.json,32,be,238.72,238.88,0.16,0
DamonWayans1_Audio.json,32,an,238.88,238.97,0.09,0
DamonWayans1_Audio.json,32,astronaut,239.0,239.58,0.58,0
DamonWayans1_Audio.json,33,yeah,241.3,241.61,0.31,0
DamonWayans1_Audio.json,34,euro,243.71,244.03,0.32,0
DamonWayans1_Audio.json,34,bus,244.03,244.53,0.5,0
DamonWayans1_Audio.json,34,driver,244.53,245.01,0.48,0
DamonWayans1_Audio.json,35,and,246.3,246.42,0.12,0
DamonWayans1_Audio.json,35,in,246.42,246.55,0.13,1
DamonWayans1_Audio.json,35,a,246.55,246.6,0.05,0
DamonWayans1_Audio.json,35,ride,246.6,246.95,0.35,0
DamonWayans1_Audio.json,35,goes,246.95,247.21,0.26,0
DamonWayans1_Audio.json,35,into,247.21,247.42,0.21,0
DamonWayans1_Audio.json,35,their,247.42,247.57,0.15,0
DamonWayans1_Audio.json,35,first,247.57,248.0,0.43,1
DamonWayans1_Audio.json,35,look,248.0,248.24,0.24,0
DamonWayans1_Audio.json,35,when,248.24,248.35,0.11,0
DamonWayans1_Audio.json,35,you,248.35,248.44,0.09,0
DamonWayans1_Audio.json,35,come,248.44,248.63,0.19,0
DamonWayans1_Audio.json,35,out,248.63,248.81,0.18,0
DamonWayans1_Audio.json,35,not,249.12,249.34,0.22,0
DamonWayans1_Audio.json,35,get,249.34,249.51,0.17,0
DamonWayans1_Audio.json,35,dirty,249.51,249.91,0.4,0
DamonWayans1_Audio.json,35,married,250.03,250.4,0.37,0
DamonWayans1_Audio.json,35,to,250.4,250.52,0.12,0
DamonWayans1_Audio.json,35,some,250.52,250.75,0.23,0
DamonWayans1_Audio.json,35,chick,250.75,251.07,0.32,0
DamonWayans1_Audio.json,35,you,251.07,251.16,0.09,0
DamonWayans1_Audio.json,35,cast,251.16,251.54,0.38,0
DamonWayans1_Audio.json,35,and,251.57,251.96,0.39,1
DamonWayans1_Audio.json,36,you,252.76,252.9,0.14,0
DamonWayans1_Audio.json,36,got,252.9,253.15,0.25,0
DamonWayans1_Audio.json,36,kids,253.15,253.5,0.35,0
DamonWayans1_Audio.json,36,you,253.5,253.62,0.12,0
DamonWayans1_Audio.json,36,do,253.62,253.83,0.21,1
DamonWayans1_Audio.json,36,want,253.83,254.23,0.4,1
DamonWayans1_Audio.json,36,bills,254.23,254.58,0.35,0
DamonWayans1_Audio.json,36,you,254.58,254.71,0.13,0
DamonWayans1_Audio.json,36,can't,254.71,255.08,0.37,1
DamonWayans1_Audio.json,36,pay,255.08,255.29,0.21,0
DamonWayans1_Audio.json,36,student,255.29,255.71,0.42,1
DamonWayans1_Audio.json,36,loan,255.71,255.98,0.27,0
DamonWayans1_Audio.json,36,just,255.98,256.2,0.22,0
DamonWayans1_Audio.json,36,piling,256.2,256.68,0.48,0
DamonWayans1_Audio.json,36,up,256.68,256.85,0.17,0
DamonWayans1_Audio.json,36,when,256.85,256.99,0.14,0
DamonWayans1_Audio.json,36,you,256.99,257.26,0.27,1
DamonWayans1_Audio.json,36,don't,257.26,257.47,0.21,0
DamonWayans1_Audio.json,36,know,257.47,257.54,0.07,0
DamonWayans1_Audio.json,36,what,257.54,257.66,0.12,0
DamonWayans1_Audio.json,36,to,257.66,257.74,0.08,0
DamonWayans1_Audio.json,36,do,257.74,257.9,0.16,0
DamonWayans1_Audio.json,36,but,257.9,258.06,0.16,0
DamonWayans1_Audio.json,36,ride,258.06,258.44,0.38,0
DamonWayans1_Audio.json,36,eccentric,258.44,258.91,0.47,0
DamonWayans1_Audio.json,36,room,259.07,259.71,0.64,0
DamonWayans1_Audio.json,36,me,259.81,260.01,0.2,1
DamonWayans1_Audio.json,36,going,260.01,260.26,0.25,0
DamonWayans1_Audio.json,36,to,260.26,260.4,0.14,0
DamonWayans1_Audio.json,36,another,260.4,260.75,0.35,0
DamonWayans1_Audio.json,36,who,260.75,260.89,0.14,0
DamonWayans1_Audio.json,36,become,260.89,261.25,0.36,0
DamonWayans1_Audio.json,36,out,261.25,261.41,0.16,0
DamonWayans1_Audio.json,36,now,261.41,261.58,0.17,0
DamonWayans1_Audio.json,36,you,261.58,261.72,0.14,0
DamonWayans1_Audio.json,36,divorced,261.72,262.49,0.77,0
DamonWayans1_Audio.json,37,forty,262.99,263.35,0.36,0
DamonWayans1_Audio.json,37,years,263.35,263.7,0.35,0
DamonWayans1_Audio.json,37,older,263.7,264.08,0.38,0
DamonWayans1_Audio.json,37,kids,264.08,264.48,0.4,0
DamonWayans1_Audio.json,37,hate,264.48,264.76,0.28,1
DamonWayans1_Audio.json,37,seeing,264.76,265.05,0.29,0
DamonWayans1_Audio.json,37,you,265.05,265.16,0.11,0
DamonWayans1_Audio.json,37,still,265.16,265.47,0.31,0
DamonWayans1_Audio.json,37,got,265.47,265.69,0.22,0
DamonWayans1_Audio.json,37,student,265.69,266.04,0.35,0
DamonWayans1_Audio.json,37,loans,266.04,266.72,0.68,1
DamonWayans1_Audio.json,38,this,269.22,269.51,0.29,1
DamonWayans1_Audio.json,38,the,269.51,269.61,0.1,0
DamonWayans1_Audio.json,38,half,269.61,269.97,0.36,0
DamonWayans1_Audio.json,38,way,269.97,270.12,0.15,0
DamonWayans1_Audio.json,38,point,270.12,270.49,0.37,0
DamonWayans1_Audio.json,38,in,270.49,270.58,0.09,0
DamonWayans1_Audio.json,38,the,270.58,270.66,0.08,0
DamonWayans1_Audio.json,38,round,270.66,270.96,0.3,0
DamonWayans1_Audio.json,39,here,271.52,271.87,0.35,1
DamonWayans1_Audio.json,39,we,272.36,272.53,0.17,1
DamonWayans1_Audio.json,39,start,272.53,272.83,0.3,0
DamonWayans1_Audio.json,39,to,272.83,272.92,0.09,0
DamonWayans1_Audio.json,39,feel,272.92,273.22,0.3,0
DamonWayans1_Audio.json,39,queasy,273.22,273.84,0.62,0
DamonWayans1_Audio.json,39,just,273.84,274.08,0.24,0
DamonWayans1_Audio.json,39,one,274.08,274.27,0.19,0
DamonWayans1_Audio.json,39,Hey,274.27,274.46,0.19,0
DamonWayans1_Audio.json,39,a,274.46,274.81,0.35,1
DamonWayans1_Audio.json,39,stop,274.81,275.07,0.26,0
DamonWayans1_Audio.json,39,there,275.07,275.21,0.14,0
DamonWayans1_Audio.json,39,I,275.21,275.37,0.16,1
DamonWayans1_Audio.json,39,hate,275.37,275.56,0.19,0
DamonWayans1_Audio.json,39,it,275.56,275.75,0.19,1
DamonWayans1_Audio.json,39,picks,275.75,276.12,0.37,0
DamonWayans1_Audio.json,39,up,276.12,276.27,0.15,0
DamonWayans1_Audio.json,39,the,276.27,276.34,0.07,0
DamonWayans1_Audio.json,39,route,276.34,276.55,0.21,0
DamonWayans1_Audio.json,39,I,276.55,276.58,0.03,0
DamonWayans1_Audio.json,39,want,276.58,276.8,0.22,0
DamonWayans1_Audio.json,39,you,276.8,276.95,0.15,1
DamonWayans1_Audio.json,39,to,277.13,277.23,0.1,0
DamonWayans1_Audio.json,39,ride,277.23,277.6,0.37,0
DamonWayans1_Audio.json,39,slows,277.6,278.02,0.42,0
DamonWayans1_Audio.json,39,down,278.02,278.37,0.35,0
DamonWayans1_Audio.json,39,but,278.45,278.59,0.14,0
DamonWayans1_Audio.json,39,that's,278.59,278.74,0.15,0
DamonWayans1_Audio.json,39,really,278.74,279.02,0.28,0
DamonWayans1_Audio.json,39,your,279.02,279.18,0.16,0
DamonWayans1_Audio.json,39,metabolism,279.18,280.03,0.85,0
DamonWayans1_Audio.json,39,to,280.03,280.12,0.09,0
DamonWayans1_Audio.json,39,slow,280.12,280.48,0.36,0
DamonWayans1_Audio.json,39,it,280.48,280.61,0.13,0
DamonWayans1_Audio.json,39,down,280.61,280.98,0.37,0
DamonWayans1_Audio.json,40,a,281.81,281.96,0.15,1
DamonWayans1_Audio.json,40,start,281.96,282.32,0.36,0
DamonWayans1_Audio.json,40,to,282.32,282.4,0.08,0
DamonWayans1_Audio.json,40,see,282.4,282.67,0.27,1
DamonWayans1_Audio.json,40,if,282.67,282.81,0.14,0
DamonWayans1_Audio.json,40,that,282.81,283.01,0.2,0
DamonWayans1_Audio.json,40,moves,283.01,283.29,0.28,0
DamonWayans1_Audio.json,40,in,283.29,283.4,0.11,0
DamonWayans1_Audio.json,40,here,283.4,283.66,0.26,0
DamonWayans1_Audio.json,41,could,284.92,285.09,0.17,0
DamonWayans1_Audio.json,41,you,285.09,285.21,0.12,0
DamonWayans1_Audio.json,41,worry,285.21,285.43,0.22,0
DamonWayans1_Audio.json,41,about,285.43,285.68,0.25,0
DamonWayans1_Audio.json,41,what,285.68,285.85,0.17,0
DamonWayans1_Audio.json,41,you,285.85,285.95,0.1,0
DamonWayans1_Audio.json,41,going,285.95,286.19,0.24,0
DamonWayans1_Audio.json,41,on,286.19,286.34,0.15,1
DamonWayans1_Audio.json,41,is,286.34,286.45,0.11,0
DamonWayans1_Audio.json,41,right,286.45,286.8,0.35,1
DamonWayans1_Audio.json,41,backwards,286.8,287.25,0.45,0
DamonWayans1_Audio.json,41,in,287.25,287.35,0.1,0
DamonWayans1_Audio.json,41,life,287.35,287.6,0.25,0
DamonWayans1_Audio.json,41,and,287.75,287.88,0.13,0
DamonWayans1_Audio.json,41,then,287.88,288.02,0.14,0
DamonWayans1_Audio.json,41,you,288.02,288.12,0.1,0
DamonWayans1_Audio.json,41,go,288.12,288.29,0.17,0
DamonWayans1_Audio.json,41,into,288.29,288.51,0.22,0
DamonWayans1_Audio.json,41,a,288.51,288.58,0.07,0
DamonWayans1_Audio.json,41,backwoods,288.58,289.14,0.56,0
DamonWayans1_Audio.json,41,loop,289.14,289.44,0.3,0
DamonWayans1_Audio.json,41,you,289.79,289.96,0.17,1
DamonWayans1_Audio.json,41,come,289.96,290.17,0.21,0
DamonWayans1_Audio.json,41,out,290.17,290.36,0.19,0
DamonWayans1_Audio.json,41,not,290.36,290.62,0.26,1
DamonWayans1_Audio.json,41,yet,290.62,290.74,0.12,0
DamonWayans1_Audio.json,41,fifty,290.74,291.22,0.48,0
DamonWayans1_Audio.json,41,five,291.27,291.75,0.48,0
DamonWayans1_Audio.json,41,you,291.9,292.03,0.13,0
DamonWayans1_Audio.json,41,got,292.03,292.23,0.2,0
DamonWayans1_Audio.json,41,bunions,292.23,292.69,0.46,0
DamonWayans1_Audio.json,41,on,292.69,292.83,0.14,0
DamonWayans1_Audio.json,41,your,292.83,292.96,0.13,0
DamonWayans1_Audio.json,41,feet,292.96,293.28,0.32,0
DamonWayans1_Audio.json,41,Apollo,293.31,293.8,0.49,0
DamonWayans1_Audio.json,41,big,293.8,294.04,0.24,0
DamonWayans1_Audio.json,41,go,294.04,294.24,0.2,1
DamonWayans1_Audio.json,41,ask,294.24,294.68,0.44,0
DamonWayans1_Audio.json,41,public,295.15,295.51,0.36,0
DamonWayans1_Audio.json,41,people,295.51,295.85,0.34,0
DamonWayans1_Audio.json,41,misinterpret,295.85,296.73,0.88,0
DamonWayans1_Audio.json,41,the,296.73,296.84,0.11,0
DamonWayans1_Audio.json,41,daunting,296.84,297.29,0.45,0
DamonWayans1_Audio.json,41,you,297.29,297.41,0.12,0
DamonWayans1_Audio.json,41,still,297.41,297.76,0.35,0
DamonWayans1_Audio.json,41,got,297.76,297.99,0.23,0
DamonWayans1_Audio.json,41,student,297.99,298.33,0.34,0
DamonWayans1_Audio.json,41,loans,298.33,298.97,0.64,1
DamonWayans1_Audio.json,43,need,304.39,304.6,0.21,0
DamonWayans1_Audio.json,43,a,304.6,304.66,0.06,0
DamonWayans1_Audio.json,43,ride,304.66,305.01,0.35,0
DamonWayans1_Audio.json,43,take,305.01,305.26,0.25,1
DamonWayans1_Audio.json,43,you,305.26,305.37,0.11,0
DamonWayans1_Audio.json,43,to,305.37,305.58,0.21,1
DamonWayans1_Audio.json,43,it,305.58,305.75,0.17,0
DamonWayans1_Audio.json,43,exhilarated,305.8,306.57,0.77,0
DamonWayans1_Audio.json,43,mall,306.57,306.83,0.26,0
DamonWayans1_Audio.json,43,where,306.83,306.98,0.15,0
DamonWayans1_Audio.json,43,you,306.98,307.13,0.15,1
DamonWayans1_Audio.json,43,going,307.13,307.4,0.27,1
DamonWayans1_Audio.json,43,to,307.4,307.65,0.25,1
DamonWayans1_Audio.json,43,double,307.71,308.0,0.29,0
DamonWayans1_Audio.json,43,who,308.0,308.2,0.2,0
DamonWayans1_Audio.json,43,who,308.25,308.51,0.26,1
DamonWayans1_Audio.json,43,who,308.71,309.0,0.29,1
DamonWayans1_Audio.json,43,in,309.13,309.24,0.11,0
DamonWayans1_Audio.json,43,one,309.24,309.45,0.21,0
DamonWayans1_Audio.json,43,of,309.45,309.54,0.09,0
DamonWayans1_Audio.json,43,these,309.54,309.76,0.22,0
DamonWayans1_Audio.json,43,you,309.76,309.87,0.11,0
DamonWayans1_Audio.json,43,have,309.87,310.09,0.22,0
DamonWayans1_Audio.json,43,a,310.09,310.13,0.04,0
DamonWayans1_Audio.json,43,heart,310.13,310.37,0.24,0
DamonWayans1_Audio.json,43,attack,310.37,310.7,0.33,0
DamonWayans1_Audio.json,43,in,310.73,310.84,0.11,0
DamonWayans1_Audio.json,43,the,310.84,310.94,0.1,0
DamonWayans1_Audio.json,43,other,310.94,311.17,0.23,0
DamonWayans1_Audio.json,43,one,311.17,311.38,0.21,0
DamonWayans1_Audio.json,43,stroke,311.38,311.79,0.41,0
DamonWayans1_Audio.json,43,notify,311.86,312.39,0.53,0
DamonWayans1_Audio.json,43,you,312.39,312.53,0.14,0
DamonWayans1_Audio.json,43,of,312.53,312.63,0.1,1
DamonWayans1_Audio.json,43,what,312.63,312.75,0.12,0
DamonWayans1_Audio.json,43,you,312.75,312.93,0.18,1
DamonWayans1_Audio.json,43,did,312.93,313.25,0.32,1
DamonWayans1_Audio.json,43,don't,313.25,313.47,0.22,0
DamonWayans1_Audio.json,43,you,313.47,313.58,0.11,0
DamonWayans1_Audio.json,43,move,313.58,313.88,0.3,1
DamonWayans1_Audio.json,44,you,314.73,315.01,0.28,1
DamonWayans1_Audio.json,44,done,315.01,315.2,0.19,0
DamonWayans1_Audio.json,44,lost,315.2,315.52,0.32,0
DamonWayans1_Audio.json,44,all,315.52,315.73,0.21,0
DamonWayans1_Audio.json,44,your,315.73,315.87,0.14,0
DamonWayans1_Audio.json,44,teeth,315.87,316.22,0.35,0
DamonWayans1_Audio.json,44,you,316.22,316.39,0.17,1
DamonWayans1_Audio.json,44,outlived,316.39,316.85,0.46,0
DamonWayans1_Audio.json,44,all,316.85,317.01,0.16,0
DamonWayans1_Audio.json,44,your,317.01,317.15,0.14,0
DamonWayans1_Audio.json,44,freight,317.15,317.48,0.33,0
DamonWayans1_Audio.json,44,and,317.48,317.63,0.15,0
DamonWayans1_Audio.json,44,yet,317.63,317.81,0.18,1
DamonWayans1_Audio.json,44,get,317.81,318.1,0.29,1
DamonWayans1_Audio.json,44,cranky,318.13,318.61,0.48,0
DamonWayans1_Audio.json,44,elaborate,318.72,319.54,0.82,0
DamonWayans1_Audio.json,44,to,319.74,319.87,0.13,0
DamonWayans1_Audio.json,44,hop,319.87,320.2,0.33,0
DamonWayans1_Audio.json,44,up,320.69,320.9,0.21,0
DamonWayans1_Audio.json,44,that,320.9,321.11,0.21,1
DamonWayans1_Audio.json,44,got,321.28,321.7,0.42,1
DamonWayans1_Audio.json,44,me,321.79,321.89,0.1,0
DamonWayans1_Audio.json,44,thinkin,321.89,322.64,0.75,0
DamonWayans1_Audio.json,44,ride,322.64,323.35,0.71,1
DamonWayans1_Audio.json,44,in,323.86,324.01,0.15,1
DamonWayans1_Audio.json,44,a,324.01,324.08,0.07,0
DamonWayans1_Audio.json,44,ride,324.08,324.5,0.42,0
DamonWayans1_Audio.json,44,comes,324.55,324.86,0.31,0
DamonWayans1_Audio.json,44,to,324.86,324.98,0.12,0
DamonWayans1_Audio.json,44,a,324.98,325.05,0.07,0
DamonWayans1_Audio.json,44,slow,325.05,325.5,0.45,0
DamonWayans1_Audio.json,44,jerky,325.5,325.86,0.36,0
DamonWayans1_Audio.json,44,Scottish,325.86,326.86,1.0,0
DamonWayans1_Audio.json,45,and,327.31,327.43,0.12,0
DamonWayans1_Audio.json,45,right,327.43,327.6,0.17,0
DamonWayans1_Audio.json,45,before,327.6,327.87,0.27,0
DamonWayans1_Audio.json,45,you,327.87,328.0,0.13,0
DamonWayans1_Audio.json,45,get,328.0,328.2,0.2,0
DamonWayans1_Audio.json,45,all,328.2,328.47,0.27,1
DamonWayans1_Audio.json,46,you,328.96,329.07,0.11,0
DamonWayans1_Audio.json,46,get,329.07,329.23,0.16,0
DamonWayans1_Audio.json,46,that,329.23,329.38,0.15,0
DamonWayans1_Audio.json,46,lasted,329.38,329.84,0.46,0
DamonWayans1_Audio.json,46,that,329.84,329.97,0.13,0
DamonWayans1_Audio.json,46,long,329.97,330.34,0.37,0
DamonWayans1_Audio.json,47,and,331.94,332.05,0.11,0
DamonWayans1_Audio.json,47,they,332.05,332.11,0.06,0
DamonWayans1_Audio.json,47,give,332.11,332.31,0.2,0
DamonWayans1_Audio.json,47,you,332.31,332.4,0.09,0
DamonWayans1_Audio.json,47,a,332.4,332.43,0.03,0
DamonWayans1_Audio.json,47,picture,332.43,332.82,0.39,0
DamonWayans1_Audio.json,47,you,332.82,333.04,0.22,1
DamonWayans1_Audio.json,47,would,333.04,333.26,0.22,0
DamonWayans1_Audio.json,47,you,333.26,333.36,0.1,0
DamonWayans1_Audio.json,47,was,333.36,333.51,0.15,0
DamonWayans1_Audio.json,47,twenty,333.51,333.82,0.31,0
DamonWayans1_Audio.json,47,one,333.82,334.1,0.28,1
