GaryGulman3_Audio.json,0,I,0.04,0.09,0.05,0
GaryGulman3_Audio.json,0,got,0.09,0.23,0.14,0
GaryGulman3_Audio.json,0,a,0.23,0.27,0.04,0
GaryGulman3_Audio.json,0,kindle,0.27,0.78,0.51,0
GaryGulman3_Audio.json,0,I'm,1.3,1.39,0.09,0
GaryGulman3_Audio.json,0,very,1.39,1.58,0.19,0
GaryGulman3_Audio.json,0,excited,1.58,1.99,0.41,0
GaryGulman3_Audio.json,0,about,1.99,2.2,0.21,0
GaryGulman3_Audio.json,0,I,2.2,2.3,0.1,0
GaryGulman3_Audio.json,0,I,2.3,2.46,0.16,0
GaryGulman3_Audio.json,0,downloaded,2.46,3.02,0.56,0
GaryGulman3_Audio.json,0,a,3.02,3.13,0.11,1
GaryGulman3_Audio.json,0,like,3.24,3.38,0.14,0
GaryGulman3_Audio.json,0,a,3.38,3.42,0.04,0
GaryGulman3_Audio.json,0,five,3.42,3.75,0.33,0
GaryGulman3_Audio.json,0,hundred,3.75,4.0,0.25,0
GaryGulman3_Audio.json,0,page,4.0,4.3,0.3,0
GaryGulman3_Audio.json,0,book,4.3,4.73,0.43,0
GaryGulman3_Audio.json,0,in,5.19,5.33,0.14,0
GaryGulman3_Audio.json,0,ten,5.33,5.74,0.41,1
GaryGulman3_Audio.json,0,seconds,5.74,6.52,0.78,0
GaryGulman3_Audio.json,1,which,7.13,7.53,0.4,0
GaryGulman3_Audio.json,1,blew,7.86,8.16,0.3,0
GaryGulman3_Audio.json,1,me,8.16,8.29,0.13,0
GaryGulman3_Audio.json,1,away,8.29,8.59,0.3,1
GaryGulman3_Audio.json,1,I,8.59,8.78,0.19,1
GaryGulman3_Audio.json,1,mean,8.78,9.1,0.32,0
GaryGulman3_Audio.json,1,comparative,9.57,10.33,0.76,0
GaryGulman3_Audio.json,1,delivery,10.33,10.72,0.39,0
GaryGulman3_Audio.json,1,system,10.72,11.2,0.48,0
GaryGulman3_Audio.json,1,I,11.2,11.34,0.14,0
GaryGulman3_Audio.json,1,grew,11.34,11.56,0.22,0
GaryGulman3_Audio.json,1,up,11.56,11.74,0.18,0
GaryGulman3_Audio.json,1,with,11.74,12.14,0.4,1
GaryGulman3_Audio.json,1,the,12.42,12.56,0.14,1
GaryGulman3_Audio.json,1,scholastic,12.56,13.21,0.65,0
GaryGulman3_Audio.json,1,book,13.21,13.58,0.37,0
GaryGulman3_Audio.json,1,club,13.61,13.95,0.34,0
GaryGulman3_Audio.json,3,took,17.34,17.48,0.14,0
GaryGulman3_Audio.json,3,me,17.48,17.61,0.13,0
GaryGulman3_Audio.json,3,ten,17.61,18.07,0.46,1
GaryGulman3_Audio.json,3,days,18.27,18.64,0.37,1
GaryGulman3_Audio.json,3,to,18.64,18.76,0.12,0
GaryGulman3_Audio.json,3,get,18.76,18.94,0.18,0
GaryGulman3_Audio.json,3,my,18.94,19.08,0.14,0
GaryGulman3_Audio.json,3,mom,19.08,19.52,0.44,0
GaryGulman3_Audio.json,3,to,19.52,19.66,0.14,1
GaryGulman3_Audio.json,3,write,19.66,19.86,0.2,0
GaryGulman3_Audio.json,3,out,19.86,19.99,0.13,0
GaryGulman3_Audio.json,3,a,19.99,20.05,0.06,0
GaryGulman3_Audio.json,3,check,20.05,20.65,0.6,1
GaryGulman3_Audio.json,5,ten,22.22,22.41,0.19,0
GaryGulman3_Audio.json,5,business,22.41,22.83,0.42,0
GaryGulman3_Audio.json,5,days,22.83,23.07,0.24,0
GaryGulman3_Audio.json,5,that,23.07,23.18,0.11,0
GaryGulman3_Audio.json,5,was,23.18,23.3,0.12,0
GaryGulman3_Audio.json,5,a,23.3,23.36,0.06,0
GaryGulman3_Audio.json,5,policy,23.36,23.9,0.54,0
GaryGulman3_Audio.json,6,and,24.29,24.52,0.23,0
GaryGulman3_Audio.json,7,they,26.16,26.35,0.19,1
GaryGulman3_Audio.json,8,you,27.15,27.27,0.12,0
GaryGulman3_Audio.json,8,would,27.27,27.38,0.11,0
GaryGulman3_Audio.json,8,bring,27.38,27.57,0.19,0
GaryGulman3_Audio.json,8,in,27.57,27.66,0.09,0
GaryGulman3_Audio.json,8,the,27.66,27.74,0.08,0
GaryGulman3_Audio.json,8,check,27.74,28.05,0.31,0
GaryGulman3_Audio.json,8,the,28.05,28.14,0.09,0
GaryGulman3_Audio.json,8,last,28.14,28.41,0.27,0
GaryGulman3_Audio.json,8,Friday,28.41,28.7,0.29,0
GaryGulman3_Audio.json,8,in,28.7,28.81,0.11,0
GaryGulman3_Audio.json,8,September,28.81,29.54,0.73,0
GaryGulman3_Audio.json,8,they,29.8,29.96,0.16,0
GaryGulman3_Audio.json,8,delivered,29.96,30.39,0.43,0
GaryGulman3_Audio.json,8,the,30.39,30.46,0.07,0
GaryGulman3_Audio.json,8,book,30.46,30.87,0.41,0
GaryGulman3_Audio.json,8,senior,31.09,31.46,0.37,0
GaryGulman3_Audio.json,8,year,31.46,31.63,0.17,0
GaryGulman3_Audio.json,8,of,31.63,31.72,0.09,0
GaryGulman3_Audio.json,8,high,31.72,31.97,0.25,0
GaryGulman3_Audio.json,8,school,31.97,32.49,0.52,0
GaryGulman3_Audio.json,10,I,34.3,34.41,0.11,0
GaryGulman3_Audio.json,10,got,34.41,34.54,0.13,0
GaryGulman3_Audio.json,10,my,34.54,34.67,0.13,0
GaryGulman3_Audio.json,10,diploma,34.67,35.22,0.55,0
GaryGulman3_Audio.json,10,and,35.22,35.43,0.21,0
GaryGulman3_Audio.json,11,the,36.31,36.37,0.06,0
GaryGulman3_Audio.json,11,same,36.37,36.69,0.32,0
GaryGulman3_Audio.json,11,day,36.69,37.08,0.39,0
GaryGulman3_Audio.json,12,I,38.15,38.18,0.03,0
GaryGulman3_Audio.json,12,feel,38.18,38.38,0.2,0
GaryGulman3_Audio.json,12,my,38.38,38.52,0.14,0
GaryGulman3_Audio.json,12,verbal,38.52,38.89,0.37,0
GaryGulman3_Audio.json,12,suffered,38.89,39.41,0.52,0
GaryGulman3_Audio.json,13,I,40.76,40.89,0.13,0
GaryGulman3_Audio.json,13,I,40.89,41.03,0.14,0
GaryGulman3_Audio.json,13,my,41.17,41.31,0.14,0
GaryGulman3_Audio.json,13,parents,41.31,41.66,0.35,0
GaryGulman3_Audio.json,13,are,41.66,41.72,0.06,0
GaryGulman3_Audio.json,13,from,41.72,41.89,0.17,0
GaryGulman3_Audio.json,13,the,41.89,42.1,0.21,1
GaryGulman3_Audio.json,13,the,42.16,42.31,0.15,1
GaryGulman3_Audio.json,13,greatest,42.31,42.72,0.41,0
GaryGulman3_Audio.json,13,generation,42.72,43.4,0.68,0
GaryGulman3_Audio.json,14,%HESITATION,43.74,44.19,0.45,0
GaryGulman3_Audio.json,15,they're,44.67,44.96,0.29,1
GaryGulman3_Audio.json,15,they're,45.01,45.17,0.16,0
GaryGulman3_Audio.json,15,amazing,45.17,45.55,0.38,0
GaryGulman3_Audio.json,15,they'd,45.55,45.81,0.26,0
GaryGulman3_Audio.json,15,survive,45.84,46.34,0.5,0
GaryGulman3_Audio.json,15,World,46.34,46.58,0.24,0
GaryGulman3_Audio.json,15,War,46.58,46.7,0.12,0
GaryGulman3_Audio.json,15,two,46.7,47.08,0.38,0
GaryGulman3_Audio.json,15,the,47.08,47.19,0.11,0
GaryGulman3_Audio.json,15,Great,47.19,47.4,0.21,0
GaryGulman3_Audio.json,15,Depression,47.4,48.11,0.71,0
GaryGulman3_Audio.json,16,a,48.51,48.54,0.03,0
GaryGulman3_Audio.json,16,polio,48.54,48.95,0.41,0
GaryGulman3_Audio.json,16,epidemic,48.95,49.67,0.72,0
GaryGulman3_Audio.json,17,pulp,50.42,50.88,0.46,0
GaryGulman3_Audio.json,17,in,51.26,51.4,0.14,0
GaryGulman3_Audio.json,17,their,51.4,51.57,0.17,0
GaryGulman3_Audio.json,17,orange,51.57,51.97,0.4,0
GaryGulman3_Audio.json,17,juice,51.97,52.3,0.33,0
GaryGulman3_Audio.json,18,unregulated,55.02,56.04,1.02,0
GaryGulman3_Audio.json,18,unlimited,56.28,57.05,0.77,0
GaryGulman3_Audio.json,18,called,57.2,57.66,0.46,0
GaryGulman3_Audio.json,18,in,58.02,58.18,0.16,0
GaryGulman3_Audio.json,18,their,58.18,58.35,0.17,0
GaryGulman3_Audio.json,18,orange,58.35,58.8,0.45,0
GaryGulman3_Audio.json,18,juice,58.8,59.41,0.61,1
GaryGulman3_Audio.json,19,never,60.64,60.87,0.23,0
GaryGulman3_Audio.json,19,said,60.87,61.08,0.21,0
GaryGulman3_Audio.json,19,a,61.08,61.11,0.03,0
GaryGulman3_Audio.json,19,word,61.11,61.32,0.21,0
GaryGulman3_Audio.json,19,about,61.32,61.6,0.28,1
GaryGulman3_Audio.json,19,it,61.6,61.7,0.1,0
GaryGulman3_Audio.json,19,never,61.73,61.96,0.23,0
GaryGulman3_Audio.json,19,complain,61.96,62.42,0.46,0
GaryGulman3_Audio.json,20,then,63.28,63.45,0.17,1
GaryGulman3_Audio.json,20,we,63.45,63.62,0.17,0
GaryGulman3_Audio.json,20,came,63.62,63.92,0.3,0
GaryGulman3_Audio.json,20,along,63.92,64.26,0.34,0
GaryGulman3_Audio.json,20,took,64.26,64.51,0.25,1
GaryGulman3_Audio.json,20,one,64.51,64.81,0.3,0
GaryGulman3_Audio.json,20,sip,64.81,65.21,0.4,0
GaryGulman3_Audio.json,21,aha,65.83,66.26,0.43,0
GaryGulman3_Audio.json,21,what,68.13,68.34,0.21,1
GaryGulman3_Audio.json,21,was,68.34,68.7,0.36,1
GaryGulman3_Audio.json,21,that,68.7,69.02,0.32,1
GaryGulman3_Audio.json,21,there's,69.05,69.33,0.28,1
GaryGulman3_Audio.json,21,there's,69.38,69.67,0.29,1
GaryGulman3_Audio.json,21,orange,69.67,70.29,0.62,1
GaryGulman3_Audio.json,21,in,70.29,70.47,0.18,1
GaryGulman3_Audio.json,21,my,70.47,70.7,0.23,1
GaryGulman3_Audio.json,21,orange,70.7,71.23,0.53,0
GaryGulman3_Audio.json,21,juice,71.23,71.64,0.41,0
GaryGulman3_Audio.json,22,do,73.13,73.37,0.24,1
GaryGulman3_Audio.json,22,something,73.37,73.96,0.59,1
GaryGulman3_Audio.json,22,now,73.96,74.75,0.79,1
GaryGulman3_Audio.json,23,and,75.36,75.47,0.11,0
GaryGulman3_Audio.json,23,they,75.47,75.56,0.09,0
GaryGulman3_Audio.json,23,did,75.56,75.81,0.25,0
GaryGulman3_Audio.json,23,Tropicana,75.81,76.36,0.55,0
GaryGulman3_Audio.json,23,rolled,76.36,76.69,0.33,0
GaryGulman3_Audio.json,23,right,76.69,77.01,0.32,0
GaryGulman3_Audio.json,23,over,77.01,77.36,0.35,0
GaryGulman3_Audio.json,24,got,78.4,78.59,0.19,1
GaryGulman3_Audio.json,24,rid,78.59,78.75,0.16,0
GaryGulman3_Audio.json,24,of,78.75,78.93,0.18,1
GaryGulman3_Audio.json,24,all,78.96,79.22,0.26,1
GaryGulman3_Audio.json,24,the,79.22,79.32,0.1,0
GaryGulman3_Audio.json,24,paparazzi,79.32,79.93,0.61,0
GaryGulman3_Audio.json,24,the,79.93,80.04,0.11,0
GaryGulman3_Audio.json,24,pope,80.04,80.34,0.3,0
GaryGulman3_Audio.json,24,is,80.34,80.45,0.11,0
GaryGulman3_Audio.json,24,gone,80.45,81.01,0.56,1
GaryGulman3_Audio.json,24,you,81.04,81.18,0.14,0
GaryGulman3_Audio.json,24,crazy,81.18,81.62,0.44,0
GaryGulman3_Audio.json,24,people,81.62,81.93,0.31,0
GaryGulman3_Audio.json,24,are,81.93,81.99,0.06,0
GaryGulman3_Audio.json,24,you,81.99,82.12,0.13,0
GaryGulman3_Audio.json,24,happy,82.12,82.58,0.46,1
GaryGulman3_Audio.json,24,the,82.58,82.7,0.12,0
GaryGulman3_Audio.json,24,pope,82.7,82.99,0.29,0
GaryGulman3_Audio.json,24,is,82.99,83.09,0.1,0
GaryGulman3_Audio.json,24,gone,83.09,83.36,0.27,0
GaryGulman3_Audio.json,24,there's,83.36,83.5,0.14,0
GaryGulman3_Audio.json,24,no,83.5,83.63,0.13,0
GaryGulman3_Audio.json,24,more,83.63,83.83,0.2,0
GaryGulman3_Audio.json,24,Paul,83.83,84.24,0.41,0
GaryGulman3_Audio.json,25,are,85.19,85.28,0.09,1
GaryGulman3_Audio.json,25,you,85.28,85.39,0.11,0
GaryGulman3_Audio.json,25,happy,85.39,85.76,0.37,0
GaryGulman3_Audio.json,25,now,85.76,86.26,0.5,0
GaryGulman3_Audio.json,26,we,88.33,88.51,0.18,0
GaryGulman3_Audio.json,26,keep,88.51,88.72,0.21,0
GaryGulman3_Audio.json,26,some,88.72,89.24,0.52,1
GaryGulman3_Audio.json,26,poll,89.43,89.65,0.22,0
GaryGulman3_Audio.json,27,how,92.91,93.04,0.13,0
GaryGulman3_Audio.json,27,much,93.04,93.35,0.31,0
GaryGulman3_Audio.json,27,truth,93.35,93.66,0.31,0
GaryGulman3_Audio.json,27,villages,93.75,94.21,0.46,0
GaryGulman3_Audio.json,27,some,94.21,94.52,0.31,0
GaryGulman3_Audio.json,27,Popenoe,94.52,95.25,0.73,0
GaryGulman3_Audio.json,27,pincher,95.25,95.7,0.45,0
GaryGulman3_Audio.json,27,pope,95.7,96.08,0.38,1
GaryGulman3_Audio.json,27,a,96.08,96.14,0.06,0
GaryGulman3_Audio.json,27,dash,96.14,96.62,0.48,0
GaryGulman3_Audio.json,27,of,96.62,96.76,0.14,1
GaryGulman3_Audio.json,27,all,96.81,97.04,0.23,0
GaryGulman3_Audio.json,27,but,97.04,97.26,0.22,1
GaryGulman3_Audio.json,27,I,97.49,97.61,0.12,0
GaryGulman3_Audio.json,27,do,97.61,97.7,0.09,0
GaryGulman3_Audio.json,27,know,97.7,97.82,0.12,0
GaryGulman3_Audio.json,27,will,97.82,98.03,0.21,0
GaryGulman3_Audio.json,27,whine,98.03,98.34,0.31,0
GaryGulman3_Audio.json,27,until,98.34,98.59,0.25,0
GaryGulman3_Audio.json,27,you,98.59,98.67,0.08,0
GaryGulman3_Audio.json,27,get,98.67,98.82,0.15,0
GaryGulman3_Audio.json,27,a,98.82,98.87,0.05,0
GaryGulman3_Audio.json,27,perfect,98.87,99.4,0.53,0
GaryGulman3_Audio.json,27,how,99.4,99.49,0.09,0
GaryGulman3_Audio.json,27,does,99.49,99.62,0.13,0
GaryGulman3_Audio.json,27,that,99.62,99.83,0.21,0
GaryGulman3_Audio.json,27,sound,99.83,100.03,0.2,0
GaryGulman3_Audio.json,28,that's,101.49,101.71,0.22,1
GaryGulman3_Audio.json,28,what,101.71,101.8,0.09,0
GaryGulman3_Audio.json,28,we,101.8,101.91,0.11,0
GaryGulman3_Audio.json,28,do,101.91,102.07,0.16,0
GaryGulman3_Audio.json,28,we,102.07,102.23,0.16,0
GaryGulman3_Audio.json,28,wind,102.23,102.7,0.47,0
GaryGulman3_Audio.json,28,everything,102.75,103.44,0.69,0
GaryGulman3_Audio.json,28,into,103.48,104.12,0.64,1
GaryGulman3_Audio.json,28,perfection,104.36,105.04,0.68,0
GaryGulman3_Audio.json,29,phone,105.64,106.24,0.6,1
GaryGulman3_Audio.json,29,my,106.47,106.76,0.29,1
GaryGulman3_Audio.json,29,my,106.81,106.98,0.17,0
GaryGulman3_Audio.json,29,parents,106.98,107.29,0.31,0
GaryGulman3_Audio.json,29,had,107.29,107.42,0.13,0
GaryGulman3_Audio.json,29,a,107.42,107.45,0.03,0
GaryGulman3_Audio.json,29,very,107.45,107.68,0.23,1
GaryGulman3_Audio.json,29,different,107.68,108.0,0.32,0
GaryGulman3_Audio.json,29,experience,108.0,108.49,0.49,0
GaryGulman3_Audio.json,29,with,108.49,108.69,0.2,0
GaryGulman3_Audio.json,30,a,109.09,109.12,0.03,0
GaryGulman3_Audio.json,30,phony,109.12,109.7,0.58,0
GaryGulman3_Audio.json,31,that's,110.26,110.36,0.1,0
GaryGulman3_Audio.json,31,good,110.36,110.58,0.22,0
GaryGulman3_Audio.json,31,thieves,110.83,111.1,0.27,0
GaryGulman3_Audio.json,31,to,111.1,111.2,0.1,0
GaryGulman3_Audio.json,31,talk,111.2,111.57,0.37,0
GaryGulman3_Audio.json,31,to,111.57,111.66,0.09,0
GaryGulman3_Audio.json,31,people,111.66,111.97,0.31,0
GaryGulman3_Audio.json,31,on,111.97,112.18,0.21,1
GaryGulman3_Audio.json,31,it,112.18,112.31,0.13,0
GaryGulman3_Audio.json,31,in,115.59,115.85,0.26,1
GaryGulman3_Audio.json,32,to,116.64,116.78,0.14,1
GaryGulman3_Audio.json,32,me,116.78,117.34,0.56,1
GaryGulman3_Audio.json,32,the,117.57,117.67,0.1,0
GaryGulman3_Audio.json,32,phone,117.67,118.15,0.48,0
GaryGulman3_Audio.json,32,is,118.15,118.38,0.23,1
GaryGulman3_Audio.json,32,this,118.38,118.79,0.41,1
GaryGulman3_Audio.json,32,the,119.01,119.13,0.12,0
GaryGulman3_Audio.json,32,seldom,119.13,119.76,0.63,0
GaryGulman3_Audio.json,32,used,119.76,120.17,0.41,0
GaryGulman3_Audio.json,32,app,120.22,120.77,0.55,0
GaryGulman3_Audio.json,33,on,121.19,121.35,0.16,0
GaryGulman3_Audio.json,33,my,121.35,121.48,0.13,0
GaryGulman3_Audio.json,33,phone,121.48,122.04,0.56,1
GaryGulman3_Audio.json,34,and,131.15,131.37,0.22,0
GaryGulman3_Audio.json,34,then,131.78,131.91,0.13,0
GaryGulman3_Audio.json,34,if,131.91,132.08,0.17,1
GaryGulman3_Audio.json,34,you,132.08,132.43,0.35,1
GaryGulman3_Audio.json,34,if,132.47,132.64,0.17,1
GaryGulman3_Audio.json,34,you,132.64,132.78,0.14,0
GaryGulman3_Audio.json,34,use,132.78,133.07,0.29,0
GaryGulman3_Audio.json,34,it,133.07,133.17,0.1,0
GaryGulman3_Audio.json,34,on,133.17,133.35,0.18,0
GaryGulman3_Audio.json,34,me,133.35,133.61,0.26,1
GaryGulman3_Audio.json,35,oh,133.83,133.93,0.1,0
GaryGulman3_Audio.json,35,god,133.93,134.19,0.26,0
GaryGulman3_Audio.json,35,help,134.19,134.44,0.25,0
GaryGulman3_Audio.json,35,you,134.44,134.62,0.18,1
GaryGulman3_Audio.json,36,I,134.95,135.35,0.4,1
GaryGulman3_Audio.json,36,how,135.73,136.06,0.33,1
GaryGulman3_Audio.json,36,dare,136.06,136.7,0.64,0
GaryGulman3_Audio.json,36,you,136.7,137.06,0.36,1
GaryGulman3_Audio.json,36,I,137.09,137.29,0.2,1
GaryGulman3_Audio.json,36,am,137.29,137.73,0.44,0
GaryGulman3_Audio.json,36,furious,138.04,138.94,0.9,0
GaryGulman3_Audio.json,36,when,139.14,139.31,0.17,1
GaryGulman3_Audio.json,36,I,139.31,139.4,0.09,0
GaryGulman3_Audio.json,36,get,139.4,139.55,0.15,0
GaryGulman3_Audio.json,36,a,139.55,139.6,0.05,0
GaryGulman3_Audio.json,36,phone,139.6,139.92,0.32,0
GaryGulman3_Audio.json,36,call,139.92,140.1,0.18,0
GaryGulman3_Audio.json,36,you,140.1,140.41,0.31,1
GaryGulman3_Audio.json,36,you,140.6,140.8,0.2,1
GaryGulman3_Audio.json,36,text,140.8,141.27,0.47,1
GaryGulman3_Audio.json,36,me,141.27,141.39,0.12,0
GaryGulman3_Audio.json,36,first,141.39,141.74,0.35,0
GaryGulman3_Audio.json,36,issue,141.74,141.97,0.23,0
GaryGulman3_Audio.json,36,from,141.97,142.13,0.16,0
GaryGulman3_Audio.json,36,even,142.13,142.32,0.19,0
GaryGulman3_Audio.json,36,taking,142.32,142.78,0.46,0
GaryGulman3_Audio.json,36,phone,142.78,143.08,0.3,0
GaryGulman3_Audio.json,36,calls,143.08,143.4,0.32,0
GaryGulman3_Audio.json,37,I'll,144.82,144.98,0.16,0
GaryGulman3_Audio.json,37,text,144.98,145.3,0.32,0
GaryGulman3_Audio.json,37,you,145.3,145.39,0.09,0
GaryGulman3_Audio.json,37,back,145.39,145.65,0.26,0
GaryGulman3_Audio.json,37,with,145.65,145.76,0.11,0
GaryGulman3_Audio.json,37,the,145.76,145.82,0.06,0
GaryGulman3_Audio.json,37,window,145.82,146.37,0.55,0
GaryGulman3_Audio.json,38,but,148.32,148.46,0.14,0
GaryGulman3_Audio.json,38,we,148.46,148.69,0.23,1
GaryGulman3_Audio.json,38,we,148.73,148.95,0.22,1
GaryGulman3_Audio.json,38,are,148.95,149.07,0.12,1
GaryGulman3_Audio.json,38,relentless,149.07,149.75,0.68,0
GaryGulman3_Audio.json,38,with,149.75,149.91,0.16,0
GaryGulman3_Audio.json,38,how,149.91,150.35,0.44,1
GaryGulman3_Audio.json,38,we,150.4,150.57,0.17,0
GaryGulman3_Audio.json,38,want,150.57,150.87,0.3,1
GaryGulman3_Audio.json,38,the,150.87,150.96,0.09,0
GaryGulman3_Audio.json,38,phone,150.96,151.38,0.42,0
GaryGulman3_Audio.json,38,to,151.38,151.53,0.15,1
GaryGulman3_Audio.json,38,be,151.53,151.64,0.11,0
GaryGulman3_Audio.json,38,better,151.64,151.94,0.3,0
GaryGulman3_Audio.json,38,like,151.94,152.37,0.43,1
GaryGulman3_Audio.json,39,we,152.76,152.97,0.21,1
GaryGulman3_Audio.json,39,also,153.16,153.44,0.28,0
GaryGulman3_Audio.json,39,we,153.44,153.53,0.09,0
GaryGulman3_Audio.json,39,want,153.53,153.7,0.17,0
GaryGulman3_Audio.json,39,all,153.7,153.86,0.16,0
GaryGulman3_Audio.json,39,our,153.86,153.93,0.07,0
GaryGulman3_Audio.json,39,music,153.93,154.49,0.56,0
GaryGulman3_Audio.json,40,all,155.08,155.34,0.26,1
GaryGulman3_Audio.json,40,music,155.34,155.74,0.4,0
GaryGulman3_Audio.json,40,on,155.74,155.86,0.12,0
GaryGulman3_Audio.json,40,the,155.86,155.93,0.07,0
GaryGulman3_Audio.json,40,phone,155.93,156.32,0.39,0
GaryGulman3_Audio.json,41,you,157.18,157.42,0.24,1
GaryGulman3_Audio.json,42,you,158.36,158.49,0.13,0
GaryGulman3_Audio.json,42,want,158.49,158.67,0.18,0
GaryGulman3_Audio.json,42,all,158.72,158.93,0.21,0
GaryGulman3_Audio.json,42,your,158.93,159.06,0.13,0
GaryGulman3_Audio.json,42,music,159.06,159.65,0.59,1
GaryGulman3_Audio.json,43,the,160.51,160.6,0.09,0
GaryGulman3_Audio.json,43,phone,160.6,161.05,0.45,0
GaryGulman3_Audio.json,43,no,161.43,161.57,0.14,0
GaryGulman3_Audio.json,43,I'm,161.57,161.68,0.11,0
GaryGulman3_Audio.json,43,sorry,161.68,161.99,0.31,0
GaryGulman3_Audio.json,43,I,161.99,162.33,0.34,1
GaryGulman3_Audio.json,43,I,162.7,162.78,0.08,0
GaryGulman3_Audio.json,43,misspoke,162.78,163.29,0.51,0
GaryGulman3_Audio.json,43,we,163.46,163.65,0.19,1
GaryGulman3_Audio.json,43,want,163.65,163.85,0.2,0
GaryGulman3_Audio.json,43,all,163.85,164.25,0.4,1
GaryGulman3_Audio.json,43,the,164.35,164.61,0.26,1
GaryGulman3_Audio.json,43,all,164.61,164.71,0.1,0
GaryGulman3_Audio.json,43,music,164.71,165.24,0.53,0
GaryGulman3_Audio.json,44,every,167.8,168.14,0.34,0
GaryGulman3_Audio.json,44,song,168.14,168.76,0.62,0
GaryGulman3_Audio.json,44,ever,168.98,169.51,0.53,0
GaryGulman3_Audio.json,45,on,170.43,170.65,0.22,1
GaryGulman3_Audio.json,45,our,170.65,170.75,0.1,1
GaryGulman3_Audio.json,45,phone,170.75,171.28,0.53,1
GaryGulman3_Audio.json,45,now,171.43,172.08,0.65,0
GaryGulman3_Audio.json,46,okay,173.49,173.98,0.49,0
GaryGulman3_Audio.json,46,but,173.98,174.26,0.28,1
GaryGulman3_Audio.json,46,look,174.26,174.5,0.24,0
GaryGulman3_Audio.json,46,like,174.5,174.72,0.22,0
GaryGulman3_Audio.json,46,what,174.72,174.94,0.22,1
GaryGulman3_Audio.json,46,are,174.94,175.0,0.06,0
GaryGulman3_Audio.json,46,you,175.0,175.09,0.09,0
GaryGulman3_Audio.json,46,willing,175.09,175.33,0.24,0
GaryGulman3_Audio.json,46,to,175.33,175.49,0.16,1
GaryGulman3_Audio.json,46,pay,175.49,175.75,0.26,1
GaryGulman3_Audio.json,46,for,175.75,175.93,0.18,1
GaryGulman3_Audio.json,46,that,175.93,176.21,0.28,1
GaryGulman3_Audio.json,48,or,179.96,180.28,0.32,1
GaryGulman3_Audio.json,48,nothing,180.78,181.58,0.8,1
GaryGulman3_Audio.json,48,thing,183.25,183.39,0.14,0
GaryGulman3_Audio.json,48,my,183.39,183.57,0.18,0
GaryGulman3_Audio.json,48,offers,183.57,184.1,0.53,0
GaryGulman3_Audio.json,48,this,184.1,184.58,0.48,1
GaryGulman3_Audio.json,49,nothing,184.97,185.55,0.58,0
GaryGulman3_Audio.json,51,as,189.81,189.96,0.15,0
GaryGulman3_Audio.json,51,it,189.96,190.11,0.15,1
GaryGulman3_Audio.json,51,has,190.18,190.42,0.24,0
GaryGulman3_Audio.json,51,made,190.42,190.61,0.19,0
GaryGulman3_Audio.json,51,us,190.61,190.71,0.1,0
GaryGulman3_Audio.json,51,more,190.71,190.89,0.18,0
GaryGulman3_Audio.json,51,comfortable,190.89,191.39,0.5,0
GaryGulman3_Audio.json,51,yeah,191.45,191.71,0.26,1
GaryGulman3_Audio.json,51,lays,191.95,192.29,0.34,0
GaryGulman3_Audio.json,51,here,192.29,192.61,0.32,1
GaryGulman3_Audio.json,51,certainly,192.64,193.24,0.6,0
GaryGulman3_Audio.json,51,I,193.44,193.58,0.14,0
GaryGulman3_Audio.json,51,did,193.58,193.8,0.22,0
GaryGulman3_Audio.json,51,the,193.8,193.89,0.09,0
GaryGulman3_Audio.json,51,latest,193.89,194.35,0.46,0
GaryGulman3_Audio.json,51,thing,194.35,194.5,0.15,0
GaryGulman3_Audio.json,51,the,194.5,194.59,0.09,0
GaryGulman3_Audio.json,51,other,194.59,194.75,0.16,0
GaryGulman3_Audio.json,51,night,194.75,194.97,0.22,0
GaryGulman3_Audio.json,51,I,194.97,195.29,0.32,1
GaryGulman3_Audio.json,51,I,195.52,195.68,0.16,0
GaryGulman3_Audio.json,51,bought,195.68,196.13,0.45,1
GaryGulman3_Audio.json,51,the,196.13,196.2,0.07,0
GaryGulman3_Audio.json,51,movie,196.2,196.9,0.7,1
GaryGulman3_Audio.json,52,that,197.59,197.74,0.15,0
GaryGulman3_Audio.json,52,I,197.74,197.96,0.22,1
GaryGulman3_Audio.json,52,own,198.21,198.59,0.38,1
GaryGulman3_Audio.json,52,on,198.65,198.81,0.16,0
GaryGulman3_Audio.json,52,DVD,198.81,199.28,0.47,0
GaryGulman3_Audio.json,52,I,199.28,199.43,0.15,0
GaryGulman3_Audio.json,52,bought,199.52,199.78,0.26,0
GaryGulman3_Audio.json,52,it,199.78,199.86,0.08,0
GaryGulman3_Audio.json,54,just,204.28,204.48,0.2,0
GaryGulman3_Audio.json,54,so,204.48,204.59,0.11,0
GaryGulman3_Audio.json,54,I,204.59,204.66,0.07,0
GaryGulman3_Audio.json,54,wouldn't,204.66,204.93,0.27,0
GaryGulman3_Audio.json,54,have,204.93,205.11,0.18,1
GaryGulman3_Audio.json,54,to,205.11,205.21,0.1,0
GaryGulman3_Audio.json,54,get,205.21,205.36,0.15,0
GaryGulman3_Audio.json,54,out,205.36,205.5,0.14,0
GaryGulman3_Audio.json,54,of,205.5,205.58,0.08,0
GaryGulman3_Audio.json,54,bed,205.58,206.04,0.46,0
GaryGulman3_Audio.json,54,and,206.73,206.96,0.23,0
GaryGulman3_Audio.json,55,my,208.95,209.2,0.25,1
GaryGulman3_Audio.json,55,my,209.23,209.38,0.15,0
GaryGulman3_Audio.json,55,DVD,209.38,209.87,0.49,0
GaryGulman3_Audio.json,55,collection,209.87,210.48,0.61,0
GaryGulman3_Audio.json,55,is,210.64,210.83,0.19,0
GaryGulman3_Audio.json,55,there,210.83,211.41,0.58,0
GaryGulman3_Audio.json,56,it's,212.61,212.83,0.22,0
GaryGulman3_Audio.json,56,there,212.89,213.4,0.51,0
GaryGulman3_Audio.json,56,but,213.65,213.76,0.11,0
GaryGulman3_Audio.json,56,my,213.76,213.9,0.14,0
GaryGulman3_Audio.json,56,reasoning,213.9,214.36,0.46,0
GaryGulman3_Audio.json,56,was,214.36,214.56,0.2,0
GaryGulman3_Audio.json,56,not,214.56,214.7,0.14,0
GaryGulman3_Audio.json,56,home,214.7,214.96,0.26,0
GaryGulman3_Audio.json,56,I'm,215.02,215.15,0.13,1
GaryGulman3_Audio.json,56,not,215.15,215.28,0.13,0
GaryGulman3_Audio.json,56,gonna,215.28,215.4,0.12,0
GaryGulman3_Audio.json,56,be,215.4,215.48,0.08,0
GaryGulman3_Audio.json,56,able,215.48,215.62,0.14,0
GaryGulman3_Audio.json,56,to,215.62,215.71,0.09,0
GaryGulman3_Audio.json,56,flick,215.71,216.22,0.51,0
GaryGulman3_Audio.json,56,it,216.22,216.31,0.09,0
GaryGulman3_Audio.json,56,into,216.31,216.52,0.21,0
GaryGulman3_Audio.json,56,the,216.52,216.73,0.21,1
GaryGulman3_Audio.json,58,I,219.15,219.19,0.04,0
GaryGulman3_Audio.json,58,could,219.19,219.46,0.27,0
GaryGulman3_Audio.json,58,you,219.46,219.54,0.08,0
GaryGulman3_Audio.json,58,know,219.54,219.67,0.13,0
GaryGulman3_Audio.json,58,what,219.67,219.82,0.15,0
GaryGulman3_Audio.json,58,a,219.82,219.86,0.04,0
GaryGulman3_Audio.json,58,Shawshank,219.86,220.69,0.83,1
GaryGulman3_Audio.json,59,redemption,221.44,221.95,0.51,0
GaryGulman3_Audio.json,59,is,222.37,222.69,0.32,1
GaryGulman3_Audio.json,59,is,224.25,224.56,0.31,1
GaryGulman3_Audio.json,59,under,224.64,225.0,0.36,0
GaryGulman3_Audio.json,59,fifteen,225.0,225.46,0.46,0
GaryGulman3_Audio.json,59,dollars,225.46,225.82,0.36,0
GaryGulman3_Audio.json,59,on,225.82,225.95,0.13,0
GaryGulman3_Audio.json,59,I,225.95,226.15,0.2,1
GaryGulman3_Audio.json,59,tunes,226.15,226.51,0.36,0
GaryGulman3_Audio.json,59,I'm,226.59,226.72,0.13,1
GaryGulman3_Audio.json,59,buying,226.72,227.09,0.37,1
GaryGulman3_Audio.json,59,it,227.09,227.31,0.22,1
GaryGulman3_Audio.json,60,fourteen,228.55,229.03,0.48,0
GaryGulman3_Audio.json,60,ninety,229.03,229.37,0.34,0
GaryGulman3_Audio.json,60,nine,229.37,229.77,0.4,0
GaryGulman3_Audio.json,61,and,230.61,231.17,0.56,1
GaryGulman3_Audio.json,61,soul,231.24,231.96,0.72,0
GaryGulman3_Audio.json,62,I,232.8,233.03,0.23,1
GaryGulman3_Audio.json,62,and,233.09,233.28,0.19,0
GaryGulman3_Audio.json,62,I,233.28,233.31,0.03,0
GaryGulman3_Audio.json,62,and,233.31,233.48,0.17,0
GaryGulman3_Audio.json,62,I,233.48,233.55,0.07,0
GaryGulman3_Audio.json,62,was,233.55,233.72,0.17,0
GaryGulman3_Audio.json,62,thrilled,233.72,234.41,0.69,0
GaryGulman3_Audio.json,62,downloads,234.65,235.07,0.42,0
GaryGulman3_Audio.json,62,immediately,235.07,235.6,0.53,0
GaryGulman3_Audio.json,62,I,235.6,235.66,0.06,0
GaryGulman3_Audio.json,62,watched,235.66,236.13,0.47,0
GaryGulman3_Audio.json,62,it,236.13,236.25,0.12,0
GaryGulman3_Audio.json,62,I,236.25,236.39,0.14,0
GaryGulman3_Audio.json,62,enjoyed,236.39,236.76,0.37,0
GaryGulman3_Audio.json,62,it,236.76,236.87,0.11,0
GaryGulman3_Audio.json,62,so,236.87,237.06,0.19,1
GaryGulman3_Audio.json,62,much,237.06,237.49,0.43,1
GaryGulman3_Audio.json,62,that,237.67,237.8,0.13,0
GaryGulman3_Audio.json,62,I,237.8,238.0,0.2,1
GaryGulman3_Audio.json,62,I,238.24,238.37,0.13,0
GaryGulman3_Audio.json,62,made,238.37,238.55,0.18,0
GaryGulman3_Audio.json,62,the,238.55,238.61,0.06,0
GaryGulman3_Audio.json,62,mistake,238.61,238.96,0.35,0
GaryGulman3_Audio.json,62,of,238.96,239.04,0.08,0
GaryGulman3_Audio.json,62,telling,239.04,239.3,0.26,0
GaryGulman3_Audio.json,62,my,239.3,239.44,0.14,0
GaryGulman3_Audio.json,62,older,239.44,239.66,0.22,0
GaryGulman3_Audio.json,62,brother,239.66,240.16,0.5,1
GaryGulman3_Audio.json,62,who's,240.42,240.77,0.35,0
GaryGulman3_Audio.json,62,a,240.77,240.94,0.17,1
GaryGulman3_Audio.json,62,miser,240.94,241.73,0.79,0
GaryGulman3_Audio.json,62,and,241.77,242.28,0.51,1
GaryGulman3_Audio.json,63,and,242.58,242.72,0.14,0
GaryGulman3_Audio.json,63,he,242.72,242.85,0.13,0
GaryGulman3_Audio.json,63,was,242.85,243.17,0.32,1
GaryGulman3_Audio.json,63,outraged,243.22,243.87,0.65,0
GaryGulman3_Audio.json,63,get,243.87,244.06,0.19,0
GaryGulman3_Audio.json,63,out,244.06,244.22,0.16,1
GaryGulman3_Audio.json,63,when,244.22,244.33,0.11,0
GaryGulman3_Audio.json,63,you,244.33,244.46,0.13,0
GaryGulman3_Audio.json,63,don't,244.46,244.73,0.27,0
GaryGulman3_Audio.json,63,get,244.73,245.08,0.35,1
GaryGulman3_Audio.json,63,what,245.15,245.29,0.14,0
GaryGulman3_Audio.json,63,from,245.29,245.41,0.12,0
GaryGulman3_Audio.json,63,Boston,245.41,245.84,0.43,0
GaryGulman3_Audio.json,63,so,245.84,246.01,0.17,0
GaryGulman3_Audio.json,63,you,246.01,246.11,0.1,0
GaryGulman3_Audio.json,63,have,246.11,246.24,0.13,0
GaryGulman3_Audio.json,63,that,246.24,246.48,0.24,0
GaryGulman3_Audio.json,63,accent,246.55,247.02,0.47,0
GaryGulman3_Audio.json,64,yeah,247.71,247.91,0.2,0
GaryGulman3_Audio.json,64,we,247.91,248.09,0.18,0
GaryGulman3_Audio.json,64,don't,248.09,248.42,0.33,1
GaryGulman3_Audio.json,64,get,248.42,248.62,0.2,0
GaryGulman3_Audio.json,64,what,248.62,248.73,0.11,0
GaryGulman3_Audio.json,64,you,248.73,248.84,0.11,0
GaryGulman3_Audio.json,64,doing,248.84,249.21,0.37,1
GaryGulman3_Audio.json,64,buying,249.58,249.84,0.26,0
GaryGulman3_Audio.json,64,a,249.84,249.89,0.05,0
GaryGulman3_Audio.json,64,movie,249.89,250.18,0.29,0
GaryGulman3_Audio.json,64,you,250.18,250.3,0.12,0
GaryGulman3_Audio.json,64,already,250.3,250.56,0.26,0
GaryGulman3_Audio.json,64,own,250.56,250.79,0.23,0
GaryGulman3_Audio.json,64,for,250.79,250.93,0.14,0
GaryGulman3_Audio.json,64,fifteen,250.93,251.4,0.47,0
GaryGulman3_Audio.json,64,dollars,251.4,251.94,0.54,1
GaryGulman3_Audio.json,64,kid,252.21,252.46,0.25,0
GaryGulman3_Audio.json,64,what,252.46,252.6,0.14,0
GaryGulman3_Audio.json,64,are,252.6,252.66,0.06,0
GaryGulman3_Audio.json,64,you,252.66,252.76,0.1,0
GaryGulman3_Audio.json,64,doing,252.76,253.05,0.29,0
GaryGulman3_Audio.json,64,pound,253.05,253.35,0.3,0
GaryGulman3_Audio.json,64,guy,253.35,253.7,0.35,1
GaryGulman3_Audio.json,64,brother,253.97,254.23,0.26,0
GaryGulman3_Audio.json,64,do,254.36,254.61,0.25,1
GaryGulman3_Audio.json,65,what,255.67,255.8,0.13,0
GaryGulman3_Audio.json,65,are,255.8,255.86,0.06,0
GaryGulman3_Audio.json,65,you,255.86,255.95,0.09,0
GaryGulman3_Audio.json,65,doing,255.95,256.29,0.34,0
GaryGulman3_Audio.json,65,here,256.29,256.51,0.22,0
GaryGulman3_Audio.json,66,but,257.4,257.52,0.12,0
GaryGulman3_Audio.json,66,it's,257.52,257.8,0.28,1
GaryGulman3_Audio.json,67,few,258.2,258.46,0.26,0
GaryGulman3_Audio.json,67,dollars,258.46,258.91,0.45,0
GaryGulman3_Audio.json,68,we,259.26,259.34,0.08,0
GaryGulman3_Audio.json,68,picked,259.34,259.58,0.24,0
GaryGulman3_Audio.json,68,him,259.58,259.81,0.23,0
GaryGulman3_Audio.json,68,not,259.81,260.2,0.39,1
GaryGulman3_Audio.json,68,adds,260.2,260.48,0.28,0
GaryGulman3_Audio.json,68,up,260.48,260.76,0.28,0
GaryGulman3_Audio.json,68,guy,260.76,261.04,0.28,0
GaryGulman3_Audio.json,68,it,261.27,261.39,0.12,0
GaryGulman3_Audio.json,68,adds,261.39,261.69,0.3,0
GaryGulman3_Audio.json,68,up,261.69,261.91,0.22,0
GaryGulman3_Audio.json,68,fifteen,263.14,263.55,0.41,0
GaryGulman3_Audio.json,68,dollars,263.55,263.94,0.39,0
GaryGulman3_Audio.json,68,here,263.94,264.26,0.32,1
GaryGulman3_Audio.json,68,fifteen,264.26,264.72,0.46,0
GaryGulman3_Audio.json,68,dollars,264.72,265.13,0.41,0
GaryGulman3_Audio.json,68,that,265.13,265.44,0.31,1
GaryGulman3_Audio.json,68,adds,265.44,265.74,0.3,0
GaryGulman3_Audio.json,68,up,265.74,266.09,0.35,1
GaryGulman3_Audio.json,69,adds,266.79,266.94,0.15,0
GaryGulman3_Audio.json,69,up,266.94,267.25,0.31,0
GaryGulman3_Audio.json,70,not,267.64,267.85,0.21,0
GaryGulman3_Audio.json,70,my,267.85,267.96,0.11,0
GaryGulman3_Audio.json,70,philosophy,267.96,268.59,0.63,0
GaryGulman3_Audio.json,71,let,269.91,270.01,0.1,0
GaryGulman3_Audio.json,71,me,270.01,270.08,0.07,0
GaryGulman3_Audio.json,71,tell,270.08,270.25,0.17,0
GaryGulman3_Audio.json,71,you,270.25,270.35,0.1,0
GaryGulman3_Audio.json,71,something,270.35,270.69,0.34,0
GaryGulman3_Audio.json,72,and,271.01,271.1,0.09,0
GaryGulman3_Audio.json,72,pay,271.1,271.26,0.16,0
GaryGulman3_Audio.json,72,attention,271.26,271.73,0.47,0
GaryGulman3_Audio.json,72,because,271.83,271.97,0.14,0
GaryGulman3_Audio.json,72,this,271.97,272.15,0.18,0
GaryGulman3_Audio.json,72,is,272.15,272.27,0.12,0
GaryGulman3_Audio.json,72,true,272.27,272.6,0.33,0
GaryGulman3_Audio.json,73,it,273.46,273.57,0.11,0
GaryGulman3_Audio.json,73,only,273.57,273.83,0.26,0
GaryGulman3_Audio.json,73,adds,273.83,274.18,0.35,1
GaryGulman3_Audio.json,73,up,274.18,274.55,0.37,1
GaryGulman3_Audio.json,74,if,275.24,275.35,0.11,0
GaryGulman3_Audio.json,74,you,275.35,275.49,0.14,0
GaryGulman3_Audio.json,74,added,275.52,275.81,0.29,0
GaryGulman3_Audio.json,74,up,275.81,276.15,0.34,1
GaryGulman3_Audio.json,74,you,282.9,283.09,0.19,1
GaryGulman3_Audio.json,74,will,283.09,283.37,0.28,1
GaryGulman3_Audio.json,74,never,283.37,283.78,0.41,1
GaryGulman3_Audio.json,74,be,283.78,283.94,0.16,1
GaryGulman3_Audio.json,74,fifteen,283.94,284.57,0.63,1
GaryGulman3_Audio.json,74,dollars,284.57,285.19,0.62,1
GaryGulman3_Audio.json,74,away,285.23,285.48,0.25,0
GaryGulman3_Audio.json,74,from,285.48,285.7,0.22,1
GaryGulman3_Audio.json,74,your,285.7,285.83,0.13,0
GaryGulman3_Audio.json,74,dream,285.83,286.25,0.42,0
GaryGulman3_Audio.json,74,house,286.25,286.54,0.29,0
GaryGulman3_Audio.json,75,you're,288.59,288.87,0.28,0
GaryGulman3_Audio.json,75,always,288.87,289.56,0.69,0
GaryGulman3_Audio.json,75,fifteen,289.56,290.04,0.48,0
GaryGulman3_Audio.json,75,dollars,290.04,290.46,0.42,0
GaryGulman3_Audio.json,75,away,290.46,290.66,0.2,0
GaryGulman3_Audio.json,75,from,290.66,290.9,0.24,1
GaryGulman3_Audio.json,75,owning,290.9,291.17,0.27,0
GaryGulman3_Audio.json,75,Shawshank,291.17,291.72,0.55,0
GaryGulman3_Audio.json,75,redemption,291.72,292.14,0.42,0
GaryGulman3_Audio.json,75,on,292.14,292.3,0.16,0
GaryGulman3_Audio.json,75,I,292.3,292.5,0.2,1
GaryGulman3_Audio.json,76,so,293.82,293.99,0.17,0
GaryGulman3_Audio.json,76,get,293.99,294.21,0.22,0
GaryGulman3_Audio.json,76,busy,294.21,294.48,0.27,0
GaryGulman3_Audio.json,76,living,294.48,294.89,0.41,0
GaryGulman3_Audio.json,76,or,295.02,295.17,0.15,0
GaryGulman3_Audio.json,76,get,295.17,295.39,0.22,0
GaryGulman3_Audio.json,76,busy,295.39,295.63,0.24,0
GaryGulman3_Audio.json,76,dying,295.63,296.02,0.39,0
GaryGulman3_Audio.json,76,thank,296.72,296.9,0.18,0
GaryGulman3_Audio.json,76,you,296.9,296.96,0.06,0
GaryGulman3_Audio.json,76,very,296.96,297.11,0.15,0
GaryGulman3_Audio.json,76,much,297.11,297.3,0.19,0
