JackieKashian_Audio.json,0,recently,0.2,0.68,0.48,0
JackieKashian_Audio.json,0,married,0.68,1.2,0.52,1
JackieKashian_Audio.json,1,because,4.89,5.26,0.37,1
JackieKashian_Audio.json,1,most,5.26,5.56,0.3,0
JackieKashian_Audio.json,1,comics,5.56,6.03,0.47,0
JackieKashian_Audio.json,1,die,6.03,6.25,0.22,0
JackieKashian_Audio.json,1,alone,6.25,6.68,0.43,0
JackieKashian_Audio.json,1,weeping,6.68,7.0,0.32,0
JackieKashian_Audio.json,1,softly,7.0,7.56,0.56,0
JackieKashian_Audio.json,1,into,7.56,7.69,0.13,0
JackieKashian_Audio.json,1,a,7.69,7.74,0.05,0
JackieKashian_Audio.json,1,cracked,7.74,8.18,0.44,0
JackieKashian_Audio.json,1,mirror,8.18,8.65,0.47,0
JackieKashian_Audio.json,1,and,9.05,9.19,0.14,0
JackieKashian_Audio.json,1,so,9.19,9.33,0.14,1
JackieKashian_Audio.json,1,I,9.33,9.57,0.24,1
JackieKashian_Audio.json,1,am,9.57,9.69,0.12,0
JackieKashian_Audio.json,1,a,9.69,9.76,0.07,1
JackieKashian_Audio.json,1,beacon,9.76,10.08,0.32,0
JackieKashian_Audio.json,1,of,10.08,10.16,0.08,0
JackieKashian_Audio.json,1,hope,10.16,10.57,0.41,0
JackieKashian_Audio.json,1,and,10.61,10.8,0.19,1
JackieKashian_Audio.json,1,that's,10.8,11.05,0.25,1
JackieKashian_Audio.json,1,why,11.05,11.38,0.33,1
JackieKashian_Audio.json,1,it,11.38,11.56,0.18,1
JackieKashian_Audio.json,1,is,11.56,11.69,0.13,0
JackieKashian_Audio.json,1,exciting,11.69,12.37,0.68,0
JackieKashian_Audio.json,1,and,12.56,12.69,0.13,0
JackieKashian_Audio.json,1,I,12.69,12.75,0.06,0
JackieKashian_Audio.json,1,do,12.75,12.89,0.14,1
JackieKashian_Audio.json,1,extend,12.89,13.27,0.38,0
JackieKashian_Audio.json,1,company,13.27,13.55,0.28,0
JackieKashian_Audio.json,1,for,13.55,13.76,0.21,1
JackieKashian_Audio.json,1,ever,13.76,14.15,0.39,0
JackieKashian_Audio.json,1,forever,14.21,14.71,0.5,0
JackieKashian_Audio.json,1,since,14.74,15.0,0.26,0
JackieKashian_Audio.json,1,women,15.0,15.29,0.29,0
JackieKashian_Audio.json,1,comics,15.29,15.71,0.42,0
JackieKashian_Audio.json,1,would,15.71,15.84,0.13,0
JackieKashian_Audio.json,1,get,15.84,15.99,0.15,0
JackieKashian_Audio.json,1,stage,15.99,16.39,0.4,0
JackieKashian_Audio.json,1,time,16.39,16.71,0.32,1
JackieKashian_Audio.json,1,right,16.9,17.25,0.35,1
JackieKashian_Audio.json,1,before,17.25,17.65,0.4,1
JackieKashian_Audio.json,1,they,17.65,17.8,0.15,0
JackieKashian_Audio.json,1,were,17.8,17.97,0.17,1
JackieKashian_Audio.json,1,burned,17.97,18.39,0.42,0
JackieKashian_Audio.json,1,as,18.39,18.51,0.12,0
JackieKashian_Audio.json,1,a,18.51,18.57,0.06,1
JackieKashian_Audio.json,1,witch,18.57,19.14,0.57,0
JackieKashian_Audio.json,2,back,20.36,20.57,0.21,0
JackieKashian_Audio.json,2,in,20.57,20.65,0.08,0
JackieKashian_Audio.json,2,the,20.65,20.74,0.09,0
JackieKashian_Audio.json,2,sixteen,20.74,21.18,0.44,0
JackieKashian_Audio.json,2,hundreds,21.18,21.54,0.36,0
JackieKashian_Audio.json,2,I,21.54,21.74,0.2,1
JackieKashian_Audio.json,2,opened,21.74,21.99,0.25,0
JackieKashian_Audio.json,2,for,21.99,22.11,0.12,0
JackieKashian_Audio.json,2,Hester,22.11,22.44,0.33,0
JackieKashian_Audio.json,2,Prynne,22.44,22.92,0.48,0
JackieKashian_Audio.json,3,should,24.38,24.58,0.2,0
JackieKashian_Audio.json,3,a,24.58,24.62,0.04,0
JackieKashian_Audio.json,3,tight,24.62,24.9,0.28,0
JackieKashian_Audio.json,3,family,24.9,25.3,0.4,0
JackieKashian_Audio.json,3,are,25.3,25.44,0.14,0
JackieKashian_Audio.json,3,going,25.44,25.78,0.34,1
JackieKashian_Audio.json,3,was,25.81,25.97,0.16,0
JackieKashian_Audio.json,3,great,25.97,26.23,0.26,0
JackieKashian_Audio.json,3,and,26.5,26.66,0.16,1
JackieKashian_Audio.json,3,I,26.66,26.77,0.11,0
JackieKashian_Audio.json,3,married,26.77,27.11,0.34,0
JackieKashian_Audio.json,3,a,27.11,27.15,0.04,0
JackieKashian_Audio.json,3,man,27.15,27.67,0.52,1
JackieKashian_Audio.json,3,I,28.12,28.43,0.31,1
JackieKashian_Audio.json,4,kill,32.71,32.95,0.24,0
JackieKashian_Audio.json,4,people,32.95,33.3,0.35,0
JackieKashian_Audio.json,4,because,33.3,33.48,0.18,0
JackieKashian_Audio.json,4,you,33.48,33.58,0.1,0
JackieKashian_Audio.json,4,know,33.58,33.79,0.21,0
JackieKashian_Audio.json,4,thinks,33.79,34.04,0.25,0
JackieKashian_Audio.json,4,I'm,34.04,34.22,0.18,0
JackieKashian_Audio.json,4,gay,34.22,34.6,0.38,0
JackieKashian_Audio.json,4,almost,34.67,35.24,0.57,0
JackieKashian_Audio.json,4,everyone,35.24,35.89,0.65,0
JackieKashian_Audio.json,4,could've,37.33,37.61,0.28,0
JackieKashian_Audio.json,4,been,37.61,37.84,0.23,1
JackieKashian_Audio.json,4,went,37.84,38.07,0.23,1
JackieKashian_Audio.json,4,to,38.07,38.15,0.08,0
JackieKashian_Audio.json,4,college,38.15,38.83,0.68,0
JackieKashian_Audio.json,5,it's,39.76,39.85,0.09,0
JackieKashian_Audio.json,5,not,39.85,40.03,0.18,0
JackieKashian_Audio.json,5,like,40.03,40.18,0.15,0
JackieKashian_Audio.json,5,I,40.18,40.26,0.08,0
JackieKashian_Audio.json,5,might,40.26,40.5,0.24,0
JackieKashian_Audio.json,5,not,40.5,40.73,0.23,1
JackieKashian_Audio.json,5,know,40.73,41.12,0.39,1
JackieKashian_Audio.json,5,%HESITATION,41.39,41.79,0.4,0
JackieKashian_Audio.json,5,I,41.79,41.87,0.08,0
JackieKashian_Audio.json,5,met,41.87,42.03,0.16,0
JackieKashian_Audio.json,5,my,42.03,42.13,0.1,0
JackieKashian_Audio.json,5,husband,42.13,42.47,0.34,0
JackieKashian_Audio.json,5,doing,42.47,42.69,0.22,0
JackieKashian_Audio.json,5,online,42.72,43.22,0.5,0
JackieKashian_Audio.json,5,dating,43.22,43.6,0.38,0
JackieKashian_Audio.json,5,I,43.63,43.73,0.1,0
JackieKashian_Audio.json,5,love,43.73,43.97,0.24,0
JackieKashian_Audio.json,5,only,43.97,44.25,0.28,1
JackieKashian_Audio.json,5,dating,44.25,44.58,0.33,0
JackieKashian_Audio.json,5,because,44.58,44.81,0.23,0
JackieKashian_Audio.json,5,it's,44.81,44.93,0.12,0
JackieKashian_Audio.json,5,a,44.93,44.98,0.05,0
JackieKashian_Audio.json,5,flippant,44.98,45.42,0.44,0
JackieKashian_Audio.json,5,drop,45.42,45.69,0.27,0
JackieKashian_Audio.json,5,down,45.69,45.92,0.23,0
JackieKashian_Audio.json,5,menu,45.92,46.36,0.44,0
JackieKashian_Audio.json,5,option,46.36,46.83,0.47,0
JackieKashian_Audio.json,5,I,46.86,46.99,0.13,1
JackieKashian_Audio.json,5,am,46.99,47.09,0.1,0
JackieKashian_Audio.json,5,a,47.09,47.14,0.05,0
JackieKashian_Audio.json,5,woman,47.14,47.55,0.41,0
JackieKashian_Audio.json,5,looking,47.55,47.83,0.28,0
JackieKashian_Audio.json,5,for,47.83,47.99,0.16,1
JackieKashian_Audio.json,5,a,47.99,48.04,0.05,0
JackieKashian_Audio.json,5,man,48.04,48.4,0.36,0
JackieKashian_Audio.json,5,to,48.4,48.54,0.14,1
JackieKashian_Audio.json,5,date,48.54,49.04,0.5,0
JackieKashian_Audio.json,5,tepid,49.25,49.64,0.39,0
JackieKashian_Audio.json,5,tap,49.64,49.91,0.27,0
JackieKashian_Audio.json,5,tap,49.91,50.12,0.21,0
JackieKashian_Audio.json,5,tap,50.12,50.47,0.35,1
JackieKashian_Audio.json,5,you,50.47,50.55,0.08,0
JackieKashian_Audio.json,5,exchanged,50.55,50.98,0.43,0
JackieKashian_Audio.json,5,emails,50.98,51.6,0.62,0
JackieKashian_Audio.json,5,you,51.76,51.91,0.15,1
JackieKashian_Audio.json,5,dash,51.91,52.24,0.33,0
JackieKashian_Audio.json,5,off,52.24,52.36,0.12,0
JackieKashian_Audio.json,5,to,52.36,52.46,0.1,0
JackieKashian_Audio.json,5,Starbucks,52.46,53.13,0.67,0
JackieKashian_Audio.json,5,you,53.13,53.22,0.09,0
JackieKashian_Audio.json,5,look,53.22,53.46,0.24,0
JackieKashian_Audio.json,5,at,53.46,53.53,0.07,0
JackieKashian_Audio.json,5,each,53.53,53.7,0.17,0
JackieKashian_Audio.json,5,other,53.7,53.86,0.16,0
JackieKashian_Audio.json,5,for,53.86,53.97,0.11,0
JackieKashian_Audio.json,5,the,53.97,54.05,0.08,0
JackieKashian_Audio.json,5,first,54.05,54.36,0.31,0
JackieKashian_Audio.json,5,time,54.36,54.6,0.24,0
JackieKashian_Audio.json,5,and,54.6,54.79,0.19,1
JackieKashian_Audio.json,5,when,54.79,54.92,0.13,0
JackieKashian_Audio.json,5,it,54.92,55.06,0.14,0
JackieKashian_Audio.json,5,goes,55.06,55.32,0.26,1
JackieKashian_Audio.json,5,no,55.6,55.94,0.34,1
JackieKashian_Audio.json,5,no,55.94,56.07,0.13,0
JackieKashian_Audio.json,5,no,56.07,56.25,0.18,0
JackieKashian_Audio.json,5,I,56.25,56.35,0.1,0
JackieKashian_Audio.json,5,after,56.35,56.7,0.35,0
JackieKashian_Audio.json,5,and,57.04,57.21,0.17,1
JackieKashian_Audio.json,5,you,57.21,57.3,0.09,0
JackieKashian_Audio.json,5,go,57.3,57.53,0.23,1
JackieKashian_Audio.json,6,and,58.65,58.81,0.16,1
JackieKashian_Audio.json,6,you,58.81,58.93,0.12,0
JackieKashian_Audio.json,6,do,58.93,59.11,0.18,1
JackieKashian_Audio.json,6,it,59.11,59.2,0.09,0
JackieKashian_Audio.json,6,again,59.2,59.71,0.51,1
JackieKashian_Audio.json,6,and,59.71,59.83,0.12,0
JackieKashian_Audio.json,6,again,59.83,60.25,0.42,0
JackieKashian_Audio.json,6,and,60.25,60.34,0.09,0
JackieKashian_Audio.json,6,again,60.34,60.75,0.41,0
JackieKashian_Audio.json,6,until,60.93,61.16,0.23,0
JackieKashian_Audio.json,6,you,61.16,61.32,0.16,1
JackieKashian_Audio.json,6,meet,61.32,61.6,0.28,0
JackieKashian_Audio.json,6,someone,61.6,61.97,0.37,0
JackieKashian_Audio.json,6,who,61.97,62.09,0.12,0
JackieKashian_Audio.json,6,isn't,62.09,62.37,0.28,1
JackieKashian_Audio.json,6,horrified,62.37,63.04,0.67,0
JackieKashian_Audio.json,6,by,63.04,63.21,0.17,0
JackieKashian_Audio.json,6,our,63.21,63.32,0.11,0
JackieKashian_Audio.json,6,initial,63.32,63.66,0.34,0
JackieKashian_Audio.json,6,appearance,63.66,64.29,0.63,0
JackieKashian_Audio.json,7,it's,65.34,65.51,0.17,1
JackieKashian_Audio.json,7,really,65.51,65.93,0.42,1
JackieKashian_Audio.json,7,just,65.93,66.25,0.32,1
JackieKashian_Audio.json,7,that,66.25,66.42,0.17,0
JackieKashian_Audio.json,7,romantic,66.42,67.12,0.7,0
JackieKashian_Audio.json,8,and,67.87,67.98,0.11,0
JackieKashian_Audio.json,8,my,67.98,68.1,0.12,0
JackieKashian_Audio.json,8,husband,68.1,68.59,0.49,1
JackieKashian_Audio.json,8,makes,68.77,68.99,0.22,0
JackieKashian_Audio.json,8,video,68.99,69.25,0.26,0
JackieKashian_Audio.json,8,games,69.25,69.56,0.31,0
JackieKashian_Audio.json,8,for,69.59,69.78,0.19,1
JackieKashian_Audio.json,8,a,69.78,69.84,0.06,1
JackieKashian_Audio.json,8,living,69.84,70.27,0.43,0
JackieKashian_Audio.json,9,yeah,70.94,71.16,0.22,0
JackieKashian_Audio.json,9,yeah,71.57,71.68,0.11,0
JackieKashian_Audio.json,9,I,71.68,71.74,0.06,0
JackieKashian_Audio.json,9,know,71.74,71.97,0.23,1
JackieKashian_Audio.json,9,I,72.14,72.23,0.09,0
JackieKashian_Audio.json,9,was,72.23,72.36,0.13,0
JackieKashian_Audio.json,9,like,72.36,72.51,0.15,0
JackieKashian_Audio.json,9,how,72.51,72.64,0.13,0
JackieKashian_Audio.json,9,did,72.64,72.77,0.13,0
JackieKashian_Audio.json,9,you,72.77,72.86,0.09,0
JackieKashian_Audio.json,9,get,72.86,73.05,0.19,1
JackieKashian_Audio.json,9,that,73.05,73.28,0.23,1
JackieKashian_Audio.json,9,job,73.28,73.67,0.39,1
JackieKashian_Audio.json,9,he,73.67,73.75,0.08,0
JackieKashian_Audio.json,9,says,73.75,74.02,0.27,0
JackieKashian_Audio.json,9,it's,74.18,74.29,0.11,0
JackieKashian_Audio.json,9,probably,74.29,74.68,0.39,0
JackieKashian_Audio.json,9,obvious,74.68,75.02,0.34,0
JackieKashian_Audio.json,9,I,75.02,75.14,0.12,0
JackieKashian_Audio.json,9,got,75.14,75.29,0.15,0
JackieKashian_Audio.json,9,the,75.29,75.38,0.09,0
JackieKashian_Audio.json,9,job,75.38,75.69,0.31,0
JackieKashian_Audio.json,9,I,75.69,75.74,0.05,0
JackieKashian_Audio.json,9,fought,75.74,76.05,0.31,0
JackieKashian_Audio.json,9,my,76.05,76.18,0.13,0
JackieKashian_Audio.json,9,way,76.18,76.33,0.15,0
JackieKashian_Audio.json,9,through,76.33,76.48,0.15,0
JackieKashian_Audio.json,9,several,76.48,76.86,0.38,0
JackieKashian_Audio.json,9,levels,76.86,77.56,0.7,0
JackieKashian_Audio.json,10,you,79.47,79.53,0.06,0
JackieKashian_Audio.json,10,know,79.53,79.67,0.14,0
JackieKashian_Audio.json,10,I,79.67,79.78,0.11,0
JackieKashian_Audio.json,10,killed,79.78,80.08,0.3,0
JackieKashian_Audio.json,10,the,80.08,80.16,0.08,0
JackieKashian_Audio.json,10,books,80.16,80.81,0.65,1
JackieKashian_Audio.json,11,yes,83.62,84.04,0.42,0
JackieKashian_Audio.json,12,and,84.31,84.49,0.18,1
JackieKashian_Audio.json,12,I,84.49,84.59,0.1,0
JackieKashian_Audio.json,12,recommend,84.59,85.13,0.54,0
JackieKashian_Audio.json,12,I,85.13,85.2,0.07,0
JackieKashian_Audio.json,12,tell,85.2,85.47,0.27,0
JackieKashian_Audio.json,12,people,85.47,85.84,0.37,0
JackieKashian_Audio.json,12,go,85.84,85.98,0.14,0
JackieKashian_Audio.json,12,well,85.98,86.19,0.21,0
JackieKashian_Audio.json,12,the,86.19,86.34,0.15,1
JackieKashian_Audio.json,12,guy,86.34,86.5,0.16,0
JackieKashian_Audio.json,12,who,86.5,86.56,0.06,0
JackieKashian_Audio.json,12,plays,86.56,86.96,0.4,0
JackieKashian_Audio.json,12,video,86.96,87.25,0.29,0
JackieKashian_Audio.json,12,games,87.25,87.55,0.3,0
JackieKashian_Audio.json,12,go,87.55,87.72,0.17,0
JackieKashian_Audio.json,12,go,87.72,87.97,0.25,1
JackieKashian_Audio.json,12,collect,87.97,88.35,0.38,0
JackieKashian_Audio.json,12,action,88.35,88.74,0.39,0
JackieKashian_Audio.json,12,figures,88.74,89.12,0.38,1
JackieKashian_Audio.json,12,and,89.12,89.21,0.09,0
JackieKashian_Audio.json,12,reads,89.21,89.47,0.26,0
JackieKashian_Audio.json,12,comic,89.47,89.87,0.4,0
JackieKashian_Audio.json,12,books,89.87,90.09,0.22,0
JackieKashian_Audio.json,12,go,90.09,90.24,0.15,0
JackieKashian_Audio.json,12,out,90.24,90.41,0.17,0
JackieKashian_Audio.json,12,with,90.41,90.53,0.12,0
JackieKashian_Audio.json,12,that,90.53,90.71,0.18,0
JackieKashian_Audio.json,12,guy,90.71,90.95,0.24,1
JackieKashian_Audio.json,12,married,91.18,91.59,0.41,0
JackieKashian_Audio.json,12,that,91.59,91.84,0.25,1
JackieKashian_Audio.json,12,guy,91.84,92.06,0.22,0
JackieKashian_Audio.json,12,because,92.06,92.24,0.18,0
JackieKashian_Audio.json,12,that,92.24,92.4,0.16,0
JackieKashian_Audio.json,12,goes,92.4,92.6,0.2,0
JackieKashian_Audio.json,12,home,92.6,93.06,0.46,0
JackieKashian_Audio.json,12,right,93.43,93.64,0.21,0
JackieKashian_Audio.json,12,now,93.64,93.9,0.26,0
JackieKashian_Audio.json,13,organizes,100.4,101.15,0.75,0
JackieKashian_Audio.json,13,action,101.15,101.5,0.35,0
JackieKashian_Audio.json,13,figures,101.5,101.79,0.29,0
JackieKashian_Audio.json,13,to,101.79,101.86,0.07,0
JackieKashian_Audio.json,13,keep,101.86,102.05,0.19,0
JackieKashian_Audio.json,13,some,102.05,102.21,0.16,0
JackieKashian_Audio.json,13,of,102.21,102.35,0.14,1
JackieKashian_Audio.json,13,the,102.35,102.44,0.09,0
JackieKashian_Audio.json,13,pipe,102.44,102.78,0.34,0
JackieKashian_Audio.json,13,to,102.78,102.85,0.07,0
JackieKashian_Audio.json,13,keep,102.85,103.05,0.2,0
JackieKashian_Audio.json,13,some,103.05,103.21,0.16,0
JackieKashian_Audio.json,13,of,103.21,103.35,0.14,1
JackieKashian_Audio.json,13,the,103.35,103.44,0.09,0
JackieKashian_Audio.json,13,poll,103.44,103.89,0.45,0
JackieKashian_Audio.json,13,it's,104.09,104.35,0.26,1
JackieKashian_Audio.json,13,nice,104.35,104.85,0.5,0
JackieKashian_Audio.json,14,do,106.47,106.55,0.08,0
JackieKashian_Audio.json,14,you,106.55,106.61,0.06,0
JackieKashian_Audio.json,14,think,106.61,106.86,0.25,1
JackieKashian_Audio.json,14,designer,107.13,107.48,0.35,0
JackieKashian_Audio.json,14,right,107.48,107.67,0.19,0
JackieKashian_Audio.json,14,to,107.67,107.86,0.19,1
JackieKashian_Audio.json,14,play,107.86,108.16,0.3,0
JackieKashian_Audio.json,14,any,108.16,108.43,0.27,1
JackieKashian_Audio.json,14,game,108.43,108.75,0.32,0
JackieKashian_Audio.json,14,that,108.75,108.89,0.14,0
JackieKashian_Audio.json,14,you,108.89,108.99,0.1,0
JackieKashian_Audio.json,14,wanna,108.99,109.25,0.26,0
JackieKashian_Audio.json,14,play,109.25,109.51,0.26,0
JackieKashian_Audio.json,14,paper,109.51,109.85,0.34,0
JackieKashian_Audio.json,14,scissors,109.85,110.2,0.35,0
JackieKashian_Audio.json,14,rock,110.2,110.67,0.47,0
JackieKashian_Audio.json,14,card,110.92,111.23,0.31,0
JackieKashian_Audio.json,14,games,111.23,111.6,0.37,0
JackieKashian_Audio.json,14,board,111.6,111.91,0.31,0
JackieKashian_Audio.json,14,games,111.91,112.33,0.42,1
JackieKashian_Audio.json,14,video,112.33,112.64,0.31,0
JackieKashian_Audio.json,14,games,112.64,113.03,0.39,0
JackieKashian_Audio.json,14,dress,113.03,113.26,0.23,0
JackieKashian_Audio.json,14,up,113.26,113.42,0.16,0
JackieKashian_Audio.json,14,like,113.42,113.61,0.19,0
JackieKashian_Audio.json,14,an,113.61,113.77,0.16,1
JackieKashian_Audio.json,14,elf,113.8,114.29,0.49,0
JackieKashian_Audio.json,15,go,114.65,114.82,0.17,0
JackieKashian_Audio.json,15,away,114.82,115.01,0.19,0
JackieKashian_Audio.json,15,for,115.01,115.15,0.14,0
JackieKashian_Audio.json,15,the,115.15,115.23,0.08,0
JackieKashian_Audio.json,15,weekend,115.23,115.79,0.56,0
JackieKashian_Audio.json,15,did,116.15,116.4,0.25,1
JackieKashian_Audio.json,15,skipped,116.4,116.81,0.41,0
JackieKashian_Audio.json,15,more,116.87,117.19,0.32,1
JackieKashian_Audio.json,15,than,117.19,117.36,0.17,0
JackieKashian_Audio.json,15,once,117.36,117.68,0.32,0
JackieKashian_Audio.json,15,when,117.68,117.82,0.14,0
JackieKashian_Audio.json,15,we,117.82,117.96,0.14,1
JackieKashian_Audio.json,15,were,117.96,118.05,0.09,0
JackieKashian_Audio.json,15,organizing,118.05,118.58,0.53,0
JackieKashian_Audio.json,15,our,118.58,118.68,0.1,0
JackieKashian_Audio.json,15,wedding,118.68,118.99,0.31,0
JackieKashian_Audio.json,15,he,118.99,119.13,0.14,0
JackieKashian_Audio.json,15,referred,119.13,119.47,0.34,0
JackieKashian_Audio.json,15,to,119.47,119.54,0.07,0
JackieKashian_Audio.json,15,our,119.54,119.69,0.15,1
JackieKashian_Audio.json,15,outfits,119.69,120.25,0.56,0
JackieKashian_Audio.json,15,as,120.28,120.44,0.16,0
JackieKashian_Audio.json,15,costumes,120.44,121.39,0.95,0
JackieKashian_Audio.json,16,he,122.9,123.03,0.13,0
JackieKashian_Audio.json,16,wanted,123.03,123.37,0.34,0
JackieKashian_Audio.json,16,us,123.37,123.5,0.13,0
JackieKashian_Audio.json,16,to,123.5,123.62,0.12,0
JackieKashian_Audio.json,16,dress,123.62,123.9,0.28,0
JackieKashian_Audio.json,16,as,123.9,124.06,0.16,0
JackieKashian_Audio.json,16,pirates,124.06,124.6,0.54,0
JackieKashian_Audio.json,16,and,124.6,124.73,0.13,0
JackieKashian_Audio.json,16,take,124.73,124.93,0.2,0
JackieKashian_Audio.json,16,over,124.93,125.14,0.21,0
JackieKashian_Audio.json,16,another,125.14,125.44,0.3,0
JackieKashian_Audio.json,16,wedding,125.44,125.97,0.53,1
JackieKashian_Audio.json,17,I,127.64,127.77,0.13,1
JackieKashian_Audio.json,17,am,127.77,127.91,0.14,1
JackieKashian_Audio.json,17,not,127.91,128.11,0.2,0
JackieKashian_Audio.json,17,saying,128.11,128.6,0.49,1
JackieKashian_Audio.json,17,that,128.6,128.75,0.15,0
JackieKashian_Audio.json,17,that,128.75,128.91,0.16,0
JackieKashian_Audio.json,17,would,128.91,129.02,0.11,0
JackieKashian_Audio.json,17,not,129.02,129.2,0.18,0
JackieKashian_Audio.json,17,have,129.2,129.31,0.11,0
JackieKashian_Audio.json,17,been,129.31,129.47,0.16,0
JackieKashian_Audio.json,17,fun,129.47,129.99,0.52,0
JackieKashian_Audio.json,17,I,130.02,130.16,0.14,1
JackieKashian_Audio.json,17,am,130.16,130.27,0.11,0
JackieKashian_Audio.json,17,saying,130.27,130.61,0.34,0
JackieKashian_Audio.json,17,I,130.61,130.79,0.18,1
JackieKashian_Audio.json,17,am,130.79,130.89,0.1,0
JackieKashian_Audio.json,17,not,130.89,131.04,0.15,0
JackieKashian_Audio.json,17,organizing,131.04,131.58,0.54,0
JackieKashian_Audio.json,17,to,131.58,131.79,0.21,1
JackieKashian_Audio.json,17,weddings,131.79,132.35,0.56,0
JackieKashian_Audio.json,17,crazy,132.35,132.81,0.46,0
JackieKashian_Audio.json,17,man,132.81,133.19,0.38,0
JackieKashian_Audio.json,17,and,133.41,133.5,0.09,0
JackieKashian_Audio.json,17,he's,133.5,133.62,0.12,0
JackieKashian_Audio.json,17,like,133.62,133.76,0.14,0
JackieKashian_Audio.json,17,why,133.76,133.99,0.23,0
JackieKashian_Audio.json,17,would,133.99,134.14,0.15,1
JackieKashian_Audio.json,17,we,134.14,134.24,0.1,0
JackieKashian_Audio.json,17,have,134.24,134.34,0.1,0
JackieKashian_Audio.json,17,to,134.34,134.4,0.06,0
JackieKashian_Audio.json,17,organize,134.4,134.79,0.39,0
JackieKashian_Audio.json,17,a,134.79,134.86,0.07,1
JackieKashian_Audio.json,17,second,134.86,135.23,0.37,0
JackieKashian_Audio.json,17,one,135.23,135.4,0.17,0
JackieKashian_Audio.json,17,are,135.43,135.88,0.45,1
JackieKashian_Audio.json,18,we,137.53,137.65,0.12,0
JackieKashian_Audio.json,18,went,137.65,137.81,0.16,0
JackieKashian_Audio.json,18,on,137.81,137.93,0.12,0
JackieKashian_Audio.json,18,our,137.93,138.03,0.1,0
JackieKashian_Audio.json,18,honeymoon,138.03,138.57,0.54,0
JackieKashian_Audio.json,18,any,138.57,138.73,0.16,0
JackieKashian_Audio.json,18,wanted,138.73,139.02,0.29,0
JackieKashian_Audio.json,18,us,139.02,139.13,0.11,0
JackieKashian_Audio.json,18,to,139.13,139.21,0.08,0
JackieKashian_Audio.json,18,get,139.21,139.33,0.12,0
JackieKashian_Audio.json,18,matching,139.33,139.8,0.47,0
JackieKashian_Audio.json,18,tattoos,139.8,140.65,0.85,1
JackieKashian_Audio.json,18,and,140.7,140.83,0.13,0
JackieKashian_Audio.json,18,I'm,140.83,141.16,0.33,1
JackieKashian_Audio.json,18,I'm,141.23,141.4,0.17,0
JackieKashian_Audio.json,18,not,141.4,141.64,0.24,1
JackieKashian_Audio.json,18,tech,141.64,141.87,0.23,0
JackieKashian_Audio.json,18,to,141.87,142.04,0.17,1
JackieKashian_Audio.json,18,people,142.04,142.42,0.38,1
JackieKashian_Audio.json,18,I,142.42,142.55,0.13,1
JackieKashian_Audio.json,18,want,142.55,142.75,0.2,0
JackieKashian_Audio.json,18,a,142.75,142.8,0.05,0
JackieKashian_Audio.json,18,tattoo,142.8,143.28,0.48,0
JackieKashian_Audio.json,18,I,143.31,143.39,0.08,0
JackieKashian_Audio.json,18,said,143.39,143.59,0.2,0
JackieKashian_Audio.json,18,instead,143.59,143.95,0.36,0
JackieKashian_Audio.json,18,of,143.95,144.04,0.09,0
JackieKashian_Audio.json,18,tattoos,144.04,144.58,0.54,0
JackieKashian_Audio.json,18,what,144.71,145.0,0.29,1
JackieKashian_Audio.json,18,we,145.0,145.1,0.1,0
JackieKashian_Audio.json,18,do,145.1,145.23,0.13,0
JackieKashian_Audio.json,18,it,145.23,145.31,0.08,0
JackieKashian_Audio.json,18,all,145.31,145.46,0.15,0
JackieKashian_Audio.json,18,people,145.46,145.76,0.3,0
JackieKashian_Audio.json,18,do,145.76,145.88,0.12,0
JackieKashian_Audio.json,18,in,145.88,145.99,0.11,0
JackieKashian_Audio.json,18,Wisconsin,145.99,146.52,0.53,0
JackieKashian_Audio.json,18,where,146.52,146.65,0.13,0
JackieKashian_Audio.json,18,I'm,146.65,146.85,0.2,0
JackieKashian_Audio.json,18,from,146.85,147.23,0.38,0
JackieKashian_Audio.json,18,when,147.53,147.76,0.23,1
JackieKashian_Audio.json,18,they,147.76,147.94,0.18,0
JackieKashian_Audio.json,18,travel,147.94,148.5,0.56,1
JackieKashian_Audio.json,18,which,148.53,148.71,0.18,0
JackieKashian_Audio.json,18,is,148.71,148.81,0.1,0
JackieKashian_Audio.json,18,collect,148.81,149.21,0.4,1
JackieKashian_Audio.json,18,those,149.21,149.43,0.22,0
JackieKashian_Audio.json,18,spoons,149.43,150.2,0.77,0
JackieKashian_Audio.json,19,and,151.86,152.01,0.15,1
JackieKashian_Audio.json,19,he,152.01,152.17,0.16,1
JackieKashian_Audio.json,19,said,152.17,152.38,0.21,0
JackieKashian_Audio.json,19,all,152.42,152.58,0.16,0
JackieKashian_Audio.json,19,my,152.58,152.74,0.16,1
JackieKashian_Audio.json,19,god,152.74,152.97,0.23,0
JackieKashian_Audio.json,19,let's,152.97,153.17,0.2,0
JackieKashian_Audio.json,19,get,153.17,153.36,0.19,1
JackieKashian_Audio.json,19,tattoos,153.36,153.84,0.48,0
JackieKashian_Audio.json,19,of,153.84,153.95,0.11,0
JackieKashian_Audio.json,19,those,153.95,154.3,0.35,1
JackieKashian_Audio.json,19,who,154.33,154.63,0.3,1
JackieKashian_Audio.json,20,we'd,156.43,156.86,0.43,0
JackieKashian_Audio.json,20,get,156.86,157.01,0.15,0
JackieKashian_Audio.json,20,a,157.01,157.05,0.04,0
JackieKashian_Audio.json,20,cabinet,157.05,157.53,0.48,0
JackieKashian_Audio.json,20,tattooed,157.53,157.93,0.4,0
JackieKashian_Audio.json,20,on,157.93,158.01,0.08,0
JackieKashian_Audio.json,20,our,158.01,158.12,0.11,0
JackieKashian_Audio.json,20,backs,158.12,158.44,0.32,0
JackieKashian_Audio.json,20,and,158.44,158.55,0.11,0
JackieKashian_Audio.json,20,that,158.55,158.69,0.14,0
JackieKashian_Audio.json,20,everywhere,158.69,159.13,0.44,0
JackieKashian_Audio.json,20,that,159.13,159.25,0.12,0
JackieKashian_Audio.json,20,we,159.25,159.36,0.11,0
JackieKashian_Audio.json,20,travel,159.36,159.78,0.42,0
JackieKashian_Audio.json,20,will,159.78,159.94,0.16,0
JackieKashian_Audio.json,20,get,159.94,160.11,0.17,0
JackieKashian_Audio.json,20,a,160.11,160.16,0.05,0
JackieKashian_Audio.json,20,different,160.16,160.5,0.34,0
JackieKashian_Audio.json,20,school,160.5,160.84,0.34,0
JackieKashian_Audio.json,22,for,163.15,163.36,0.21,1
JackieKashian_Audio.json,22,one,163.36,163.63,0.27,1
JackieKashian_Audio.json,23,I,164.84,164.9,0.06,0
JackieKashian_Audio.json,23,was,164.9,165.03,0.13,0
JackieKashian_Audio.json,23,like,165.03,165.19,0.16,0
JackieKashian_Audio.json,23,well,165.33,165.64,0.31,1
JackieKashian_Audio.json,23,I,165.64,165.81,0.17,1
JackieKashian_Audio.json,23,would,165.81,165.97,0.16,1
JackieKashian_Audio.json,23,rather,165.97,166.2,0.23,0
JackieKashian_Audio.json,23,get,166.2,166.33,0.13,0
JackieKashian_Audio.json,23,a,166.33,166.36,0.03,0
JackieKashian_Audio.json,23,plea,166.36,166.69,0.33,0
JackieKashian_Audio.json,24,collect,167.24,167.54,0.3,0
JackieKashian_Audio.json,24,magnet,167.54,168.05,0.51,0
JackieKashian_Audio.json,25,Rhode,170.23,170.44,0.21,0
JackieKashian_Audio.json,25,Island,170.44,170.84,0.4,0
JackieKashian_Audio.json,26,and,172.7,172.84,0.14,0
JackieKashian_Audio.json,26,I,172.84,172.92,0.08,0
JackieKashian_Audio.json,26,live,172.92,173.13,0.21,0
JackieKashian_Audio.json,26,here,173.13,173.4,0.27,1
JackieKashian_Audio.json,26,we,173.4,173.55,0.15,1
JackieKashian_Audio.json,26,live,173.55,173.75,0.2,0
JackieKashian_Audio.json,26,here,173.75,173.99,0.24,0
JackieKashian_Audio.json,26,in,173.99,174.07,0.08,0
JackieKashian_Audio.json,26,Los,174.07,174.32,0.25,0
JackieKashian_Audio.json,26,Angeles,174.32,174.72,0.4,0
JackieKashian_Audio.json,26,and,174.72,174.81,0.09,0
JackieKashian_Audio.json,26,before,174.81,175.11,0.3,0
JackieKashian_Audio.json,26,going,175.11,175.36,0.25,0
JackieKashian_Audio.json,26,to,175.36,175.52,0.16,1
JackieKashian_Audio.json,26,limit,175.52,175.79,0.27,0
JackieKashian_Audio.json,26,make,175.79,175.94,0.15,0
JackieKashian_Audio.json,26,an,175.94,176.01,0.07,0
JackieKashian_Audio.json,26,announcement,176.01,176.47,0.46,0
JackieKashian_Audio.json,26,I,176.5,176.57,0.07,0
JackieKashian_Audio.json,26,love,176.57,176.8,0.23,0
JackieKashian_Audio.json,26,animals,176.8,177.21,0.41,0
JackieKashian_Audio.json,26,will,177.21,177.51,0.3,1
JackieKashian_Audio.json,26,of,177.51,177.62,0.11,0
JackieKashian_Audio.json,26,animals,177.62,177.97,0.35,0
JackieKashian_Audio.json,26,people,177.97,178.24,0.27,0
JackieKashian_Audio.json,26,or,178.24,178.31,0.07,0
JackieKashian_Audio.json,26,animals,178.31,178.68,0.37,0
JackieKashian_Audio.json,26,all,178.68,178.78,0.1,0
JackieKashian_Audio.json,26,of,178.78,178.91,0.13,1
JackieKashian_Audio.json,26,people,178.91,179.31,0.4,1
JackieKashian_Audio.json,26,%HESITATION,179.64,180.13,0.49,1
JackieKashian_Audio.json,26,winners,180.31,180.63,0.32,0
JackieKashian_Audio.json,26,a,180.63,180.67,0.04,0
JackieKashian_Audio.json,26,kid,180.67,181.04,0.37,0
JackieKashian_Audio.json,26,in,181.04,181.2,0.16,1
JackieKashian_Audio.json,26,Wisconsin,181.2,181.75,0.55,0
JackieKashian_Audio.json,26,if,181.75,181.9,0.15,1
JackieKashian_Audio.json,26,you,181.9,182.02,0.12,0
JackieKashian_Audio.json,26,have,182.02,182.11,0.09,0
JackieKashian_Audio.json,26,an,182.11,182.22,0.11,0
JackieKashian_Audio.json,26,old,182.22,182.53,0.31,1
JackieKashian_Audio.json,26,dog,182.53,182.87,0.34,0
JackieKashian_Audio.json,26,were,182.87,183.0,0.13,0
JackieKashian_Audio.json,26,very,183.0,183.21,0.21,0
JackieKashian_Audio.json,26,sick,183.21,183.54,0.33,0
JackieKashian_Audio.json,26,cat,183.54,183.96,0.42,1
JackieKashian_Audio.json,26,you,183.99,184.12,0.13,0
JackieKashian_Audio.json,26,would,184.12,184.28,0.16,1
JackieKashian_Audio.json,26,sadly,184.28,184.81,0.53,0
JackieKashian_Audio.json,26,very,184.84,185.04,0.2,0
JackieKashian_Audio.json,26,sadly,185.04,185.62,0.58,0
JackieKashian_Audio.json,26,put,185.89,186.05,0.16,0
JackieKashian_Audio.json,26,the,186.05,186.12,0.07,0
JackieKashian_Audio.json,26,dog,186.12,186.38,0.26,0
JackieKashian_Audio.json,26,down,186.38,186.63,0.25,0
JackieKashian_Audio.json,26,put,186.63,186.81,0.18,0
JackieKashian_Audio.json,26,the,186.81,186.89,0.08,0
JackieKashian_Audio.json,26,cat,186.89,187.12,0.23,0
JackieKashian_Audio.json,26,to,187.12,187.2,0.08,0
JackieKashian_Audio.json,26,sleep,187.2,187.48,0.28,0
JackieKashian_Audio.json,26,in,187.48,187.54,0.06,0
JackieKashian_Audio.json,26,that,187.54,187.69,0.15,0
JackieKashian_Audio.json,26,dog,187.69,187.95,0.26,0
JackieKashian_Audio.json,26,or,187.95,188.01,0.06,0
JackieKashian_Audio.json,26,cat,188.01,188.31,0.3,0
JackieKashian_Audio.json,26,would,188.31,188.41,0.1,0
JackieKashian_Audio.json,26,go,188.41,188.5,0.09,0
JackieKashian_Audio.json,26,to,188.5,188.57,0.07,0
JackieKashian_Audio.json,26,happy,188.57,188.98,0.41,0
JackieKashian_Audio.json,26,dog,189.25,189.49,0.24,0
JackieKashian_Audio.json,26,or,189.49,189.55,0.06,0
JackieKashian_Audio.json,26,cat,189.55,189.86,0.31,0
JackieKashian_Audio.json,26,heaven,189.86,190.23,0.37,0
JackieKashian_Audio.json,26,and,190.43,190.56,0.13,0
JackieKashian_Audio.json,26,you,190.56,190.7,0.14,1
JackieKashian_Audio.json,26,would,190.7,190.83,0.13,0
JackieKashian_Audio.json,26,go,190.83,190.96,0.13,0
JackieKashian_Audio.json,26,to,190.96,191.03,0.07,0
JackieKashian_Audio.json,26,the,191.03,191.11,0.08,0
JackieKashian_Audio.json,26,pound,191.11,191.54,0.43,0
JackieKashian_Audio.json,26,get,191.54,191.67,0.13,0
JackieKashian_Audio.json,26,a,191.67,191.71,0.04,0
JackieKashian_Audio.json,26,new,191.71,191.88,0.17,0
JackieKashian_Audio.json,26,dog,191.88,192.37,0.49,1
JackieKashian_Audio.json,26,knows,192.62,192.86,0.24,0
JackieKashian_Audio.json,26,the,192.86,192.96,0.1,0
JackieKashian_Audio.json,26,circle,192.96,193.32,0.36,0
JackieKashian_Audio.json,26,of,193.32,193.42,0.1,0
JackieKashian_Audio.json,26,life,193.42,193.67,0.25,0
JackieKashian_Audio.json,26,it,193.67,193.77,0.1,0
JackieKashian_Audio.json,26,was,193.77,193.9,0.13,0
JackieKashian_Audio.json,26,very,193.9,194.16,0.26,1
JackieKashian_Audio.json,26,beautiful,194.16,194.63,0.47,0
JackieKashian_Audio.json,26,and,194.63,194.76,0.13,0
JackieKashian_Audio.json,26,that,194.76,194.92,0.16,0
JackieKashian_Audio.json,26,isn't,194.92,195.12,0.2,0
JackieKashian_Audio.json,26,happening,195.12,195.56,0.44,0
JackieKashian_Audio.json,26,in,195.56,195.74,0.18,1
JackieKashian_Audio.json,26,crazy,195.74,196.28,0.54,0
JackieKashian_Audio.json,26,Los,196.28,196.61,0.33,1
JackieKashian_Audio.json,26,Angeles,196.61,197.05,0.44,1
JackieKashian_Audio.json,26,land,197.05,197.49,0.44,0
JackieKashian_Audio.json,26,where,197.68,197.86,0.18,1
JackieKashian_Audio.json,26,people,197.86,198.19,0.33,0
JackieKashian_Audio.json,26,like,198.19,198.36,0.17,0
JackieKashian_Audio.json,26,all,198.36,198.59,0.23,1
JackieKashian_Audio.json,26,the,198.59,198.67,0.08,0
JackieKashian_Audio.json,26,cats,198.67,198.98,0.31,0
JackieKashian_Audio.json,26,only,198.98,199.17,0.19,0
JackieKashian_Audio.json,26,seventeen,199.17,199.79,0.62,0
JackieKashian_Audio.json,26,we're,199.79,199.89,0.1,0
JackieKashian_Audio.json,26,gonna,199.89,200.03,0.14,0
JackieKashian_Audio.json,26,get,200.03,200.19,0.16,0
JackieKashian_Audio.json,26,dialysis,200.19,201.08,0.89,0
JackieKashian_Audio.json,27,are,203.46,203.66,0.2,0
JackieKashian_Audio.json,27,you,203.66,203.85,0.19,1
JackieKashian_Audio.json,28,friend,204.77,204.97,0.2,0
JackieKashian_Audio.json,28,of,204.97,205.03,0.06,0
JackieKashian_Audio.json,28,mine,205.03,205.28,0.25,0
JackieKashian_Audio.json,28,was,205.28,205.46,0.18,1
JackieKashian_Audio.json,28,a,205.46,205.51,0.05,0
JackieKashian_Audio.json,28,cat,205.51,205.79,0.28,0
JackieKashian_Audio.json,28,that's,205.79,205.99,0.2,0
JackieKashian_Audio.json,28,twenty,205.99,206.28,0.29,0
JackieKashian_Audio.json,28,one,206.28,206.49,0.21,0
JackieKashian_Audio.json,28,twenty,206.52,206.81,0.29,0
JackieKashian_Audio.json,28,one,206.81,207.04,0.23,0
JackieKashian_Audio.json,28,years,207.04,207.35,0.31,0
JackieKashian_Audio.json,28,old,207.35,207.58,0.23,0
JackieKashian_Audio.json,28,and,207.58,207.71,0.13,0
JackieKashian_Audio.json,28,in,207.74,207.86,0.12,1
JackieKashian_Audio.json,28,addition,207.86,208.32,0.46,0
JackieKashian_Audio.json,28,to,208.32,208.46,0.14,1
JackieKashian_Audio.json,28,the,208.46,208.56,0.1,0
JackieKashian_Audio.json,28,plethora,208.56,209.08,0.52,0
JackieKashian_Audio.json,28,of,209.08,209.23,0.15,1
JackieKashian_Audio.json,28,other,209.23,209.38,0.15,0
JackieKashian_Audio.json,28,problems,209.38,209.88,0.5,0
JackieKashian_Audio.json,28,that,209.88,209.99,0.11,0
JackieKashian_Audio.json,28,this,209.99,210.14,0.15,0
JackieKashian_Audio.json,28,cat,210.14,210.4,0.26,0
JackieKashian_Audio.json,28,has,210.4,210.64,0.24,1
JackieKashian_Audio.json,28,to,210.64,210.72,0.08,0
JackieKashian_Audio.json,28,get,210.72,210.91,0.19,1
JackieKashian_Audio.json,28,cannot,211.16,211.53,0.37,0
JackieKashian_Audio.json,28,move,211.53,212.01,0.48,0
JackieKashian_Audio.json,28,it,212.16,212.36,0.2,1
JackieKashian_Audio.json,28,now,212.36,212.69,0.33,0
JackieKashian_Audio.json,28,has,212.69,212.92,0.23,1
JackieKashian_Audio.json,28,diabetes,212.92,213.7,0.78,0
JackieKashian_Audio.json,28,and,213.86,214.0,0.14,0
JackieKashian_Audio.json,28,so,214.0,214.09,0.09,0
JackieKashian_Audio.json,28,she,214.09,214.26,0.17,0
JackieKashian_Audio.json,28,has,214.26,214.38,0.12,0
JackieKashian_Audio.json,28,to,214.38,214.47,0.09,0
JackieKashian_Audio.json,28,shoot,214.47,214.85,0.38,0
JackieKashian_Audio.json,28,up,214.85,215.04,0.19,0
JackieKashian_Audio.json,28,twice,215.04,215.35,0.31,0
JackieKashian_Audio.json,28,today,215.35,215.76,0.41,0
JackieKashian_Audio.json,28,you,216.41,216.51,0.1,0
JackieKashian_Audio.json,28,know,216.51,216.58,0.07,0
JackieKashian_Audio.json,28,what,216.58,216.71,0.13,0
JackieKashian_Audio.json,28,that,216.71,216.88,0.17,0
JackieKashian_Audio.json,28,is,216.88,217.1,0.22,1
JackieKashian_Audio.json,28,title,217.13,217.43,0.3,0
JackieKashian_Audio.json,28,for,217.43,217.61,0.18,1
JackieKashian_Audio.json,28,a,217.61,217.67,0.06,1
JackieKashian_Audio.json,28,new,217.67,217.91,0.24,1
JackieKashian_Audio.json,28,cat,217.91,218.42,0.51,1
JackieKashian_Audio.json,28,day,219.91,220.08,0.17,0
JackieKashian_Audio.json,28,why,220.08,220.33,0.25,0
JackieKashian_Audio.json,28,do,220.33,220.41,0.08,0
JackieKashian_Audio.json,28,you,220.41,220.52,0.11,0
JackieKashian_Audio.json,28,get,220.52,220.74,0.22,1
JackieKashian_Audio.json,28,to,220.74,220.8,0.06,0
JackieKashian_Audio.json,28,catch,220.8,221.17,0.37,0
JackieKashian_Audio.json,28,you,221.17,221.31,0.14,1
JackieKashian_Audio.json,28,don't,221.31,221.48,0.17,0
JackieKashian_Audio.json,28,have,221.48,221.57,0.09,0
JackieKashian_Audio.json,28,to,221.57,221.64,0.07,0
JackieKashian_Audio.json,28,do,221.64,221.77,0.13,0
JackieKashian_Audio.json,28,anything,221.77,222.14,0.37,0
JackieKashian_Audio.json,28,that's,222.14,222.34,0.2,0
JackieKashian_Audio.json,28,where,222.34,222.47,0.13,0
JackieKashian_Audio.json,28,you,222.47,222.53,0.06,0
JackieKashian_Audio.json,28,get,222.53,222.66,0.13,0
JackieKashian_Audio.json,28,a,222.66,222.69,0.03,0
JackieKashian_Audio.json,28,cat,222.69,223.15,0.46,1
JackieKashian_Audio.json,29,because,223.52,223.69,0.17,0
JackieKashian_Audio.json,29,it,223.69,223.81,0.12,0
JackieKashian_Audio.json,29,proves,223.81,224.1,0.29,0
JackieKashian_Audio.json,29,a,224.1,224.22,0.12,1
JackieKashian_Audio.json,29,box,224.22,224.67,0.45,0
JackieKashian_Audio.json,29,and,224.67,224.77,0.1,0
JackieKashian_Audio.json,29,you,224.77,224.9,0.13,0
JackieKashian_Audio.json,29,go,224.9,225.02,0.12,0
JackieKashian_Audio.json,29,to,225.02,225.09,0.07,0
JackieKashian_Audio.json,29,work,225.09,225.52,0.43,0
JackieKashian_Audio.json,30,three,226.37,226.64,0.27,0
JackieKashian_Audio.json,30,thousand,226.71,227.16,0.45,0
JackieKashian_Audio.json,30,dollars,227.16,227.59,0.43,0
JackieKashian_Audio.json,30,for,227.59,227.7,0.11,0
JackieKashian_Audio.json,30,diabetic,227.7,228.13,0.43,0
JackieKashian_Audio.json,30,cat,228.13,228.4,0.27,0
JackieKashian_Audio.json,30,medicine,228.4,228.77,0.37,0
JackieKashian_Audio.json,30,for,228.77,228.88,0.11,0
JackieKashian_Audio.json,30,this,228.88,229.04,0.16,0
JackieKashian_Audio.json,30,captain,229.04,229.46,0.42,0
JackieKashian_Audio.json,30,what,229.46,229.57,0.11,0
JackieKashian_Audio.json,30,that,229.57,229.74,0.17,0
JackieKashian_Audio.json,30,is,229.74,229.95,0.21,1
JackieKashian_Audio.json,30,three,230.12,230.31,0.19,0
JackieKashian_Audio.json,30,thousand,230.31,230.89,0.58,1
JackieKashian_Audio.json,30,new,230.89,231.05,0.16,0
JackieKashian_Audio.json,30,cat,231.05,231.39,0.34,0
JackieKashian_Audio.json,31,the,237.29,237.37,0.08,0
JackieKashian_Audio.json,31,people,237.37,237.67,0.3,0
JackieKashian_Audio.json,31,give,237.67,237.81,0.14,0
JackieKashian_Audio.json,31,me,238.15,238.46,0.31,0
JackieKashian_Audio.json,31,I,238.74,238.78,0.04,0
JackieKashian_Audio.json,31,think,238.78,238.94,0.16,0
JackieKashian_Audio.json,31,what,238.94,239.17,0.23,1
JackieKashian_Audio.json,31,really,239.17,239.4,0.23,0
JackieKashian_Audio.json,31,so,239.4,239.52,0.12,0
JackieKashian_Audio.json,31,you,239.52,239.69,0.17,1
JackieKashian_Audio.json,31,like,239.69,240.01,0.32,1
JackieKashian_Audio.json,31,animals,240.01,240.47,0.46,0
JackieKashian_Audio.json,31,like,240.47,240.71,0.24,1
JackieKashian_Audio.json,31,no,240.71,241.06,0.35,1
JackieKashian_Audio.json,31,I,241.06,241.13,0.07,0
JackieKashian_Audio.json,31,don't,241.13,241.29,0.16,0
JackieKashian_Audio.json,31,like,241.29,241.49,0.2,0
JackieKashian_Audio.json,31,you,241.49,241.88,0.39,1
JackieKashian_Audio.json,32,jackass,243.73,244.28,0.55,0
JackieKashian_Audio.json,32,but,244.28,244.52,0.24,0
JackieKashian_Audio.json,32,you,244.52,244.6,0.08,0
JackieKashian_Audio.json,32,pick,244.6,244.85,0.25,0
JackieKashian_Audio.json,32,you,244.88,245.0,0.12,0
JackieKashian_Audio.json,32,get,245.0,245.17,0.17,0
JackieKashian_Audio.json,32,fifteen,245.17,245.71,0.54,0
JackieKashian_Audio.json,32,twenty,245.71,246.05,0.34,1
JackieKashian_Audio.json,32,years,246.05,246.39,0.34,0
JackieKashian_Audio.json,32,that's,246.39,246.61,0.22,0
JackieKashian_Audio.json,32,all,246.61,246.74,0.13,0
JackieKashian_Audio.json,32,you,246.74,246.87,0.13,0
JackieKashian_Audio.json,32,get,246.87,247.07,0.2,1
JackieKashian_Audio.json,32,I,247.07,247.19,0.12,0
JackieKashian_Audio.json,32,did,247.19,247.33,0.14,0
JackieKashian_Audio.json,32,make,247.33,247.62,0.29,1
JackieKashian_Audio.json,32,that,247.62,247.81,0.19,1
JackieKashian_Audio.json,32,rule,247.81,248.14,0.33,0
JackieKashian_Audio.json,32,if,248.14,248.24,0.1,0
JackieKashian_Audio.json,32,you,248.24,248.36,0.12,0
JackieKashian_Audio.json,32,would,248.36,248.48,0.12,0
JackieKashian_Audio.json,32,like,248.48,248.67,0.19,0
JackieKashian_Audio.json,32,more,248.67,248.9,0.23,0
JackieKashian_Audio.json,32,than,248.9,249.05,0.15,0
JackieKashian_Audio.json,32,that,249.05,249.29,0.24,1
JackieKashian_Audio.json,32,please,249.47,249.78,0.31,0
JackieKashian_Audio.json,32,do,249.78,249.87,0.09,0
JackieKashian_Audio.json,32,not,249.87,250.03,0.16,0
JackieKashian_Audio.json,32,get,250.03,250.14,0.11,0
JackieKashian_Audio.json,32,a,250.14,250.17,0.03,0
JackieKashian_Audio.json,32,cat,250.17,250.44,0.27,0
JackieKashian_Audio.json,32,or,250.44,250.51,0.07,0
JackieKashian_Audio.json,32,a,250.51,250.58,0.07,1
JackieKashian_Audio.json,32,dog,250.58,250.93,0.35,0
JackieKashian_Audio.json,32,turtle,250.99,251.48,0.49,0
JackieKashian_Audio.json,32,turned,251.51,251.87,0.36,0
JackieKashian_Audio.json,32,all,251.87,252.12,0.25,1
JackieKashian_Audio.json,32,turned,252.35,252.74,0.39,0
JackieKashian_Audio.json,32,on,252.74,252.95,0.21,1
JackieKashian_Audio.json,32,tiny,253.27,253.67,0.4,0
JackieKashian_Audio.json,32,journal,253.67,254.07,0.4,0
JackieKashian_Audio.json,32,had,254.19,254.57,0.38,0
JackieKashian_Audio.json,32,to,254.57,254.78,0.21,1
JackieKashian_Audio.json,32,to,254.78,255.01,0.23,1
JackieKashian_Audio.json,32,carry,255.01,255.31,0.3,0
JackieKashian_Audio.json,32,around,255.31,255.59,0.28,0
JackieKashian_Audio.json,32,your,255.59,255.71,0.12,0
JackieKashian_Audio.json,32,creepy,255.71,256.19,0.48,0
JackieKashian_Audio.json,32,Paris,256.43,256.77,0.34,0
JackieKashian_Audio.json,32,Hilton,256.77,257.13,0.36,0
JackieKashian_Audio.json,32,purse,257.13,257.71,0.58,0
JackieKashian_Audio.json,32,like,258.75,258.93,0.18,0
JackieKashian_Audio.json,32,thirty,258.93,259.32,0.39,0
JackieKashian_Audio.json,32,years,259.32,259.67,0.35,0
JackieKashian_Audio.json,32,ago,259.67,259.81,0.14,0
JackieKashian_Audio.json,32,lift,259.86,260.06,0.2,0
JackieKashian_Audio.json,32,its,260.06,260.2,0.14,0
JackieKashian_Audio.json,32,head,260.2,260.44,0.24,0
JackieKashian_Audio.json,32,up,260.44,260.65,0.21,1
JackieKashian_Audio.json,32,a,260.65,260.71,0.06,1
JackieKashian_Audio.json,32,door,260.71,261.01,0.3,0
JackieKashian_Audio.json,32,cable,261.01,261.33,0.32,0
JackieKashian_Audio.json,32,giant,261.36,261.79,0.43,0
JackieKashian_Audio.json,32,tortoise,261.79,262.35,0.56,0
JackieKashian_Audio.json,32,I,262.51,262.58,0.07,0
JackieKashian_Audio.json,32,can,262.58,262.69,0.11,0
JackieKashian_Audio.json,32,walk,262.69,262.87,0.18,0
JackieKashian_Audio.json,32,slowly,262.87,263.45,0.58,0
JackieKashian_Audio.json,32,around,263.45,263.73,0.28,0
JackieKashian_Audio.json,32,your,263.73,263.84,0.11,0
JackieKashian_Audio.json,32,backyard,263.84,264.46,0.62,0
JackieKashian_Audio.json,32,for,264.63,264.77,0.14,0
JackieKashian_Audio.json,32,three,264.77,265.14,0.37,1
JackieKashian_Audio.json,32,hundred,265.14,265.7,0.56,0
JackieKashian_Audio.json,32,years,265.7,266.13,0.43,1
JackieKashian_Audio.json,32,come,267.87,268.07,0.2,0
JackieKashian_Audio.json,32,a,268.07,268.13,0.06,1
JackieKashian_Audio.json,32,burden,268.13,268.65,0.52,0
JackieKashian_Audio.json,32,on,268.65,268.77,0.12,0
JackieKashian_Audio.json,32,your,268.77,268.91,0.14,1
JackieKashian_Audio.json,32,descendants,268.91,269.76,0.85,0
JackieKashian_Audio.json,34,we're,272.51,272.7,0.19,1
JackieKashian_Audio.json,34,going,272.7,272.84,0.14,0
JackieKashian_Audio.json,34,to,272.84,272.9,0.06,0
JackieKashian_Audio.json,34,eat,272.9,273.05,0.15,0
JackieKashian_Audio.json,34,breakfast,273.05,273.53,0.48,0
JackieKashian_Audio.json,34,here,273.53,273.71,0.18,0
JackieKashian_Audio.json,34,in,273.71,273.79,0.08,0
JackieKashian_Audio.json,34,Los,273.79,273.99,0.2,0
JackieKashian_Audio.json,34,Angeles,273.99,274.29,0.3,0
JackieKashian_Audio.json,34,rejected,274.29,274.66,0.37,0
JackieKashian_Audio.json,34,my,274.66,274.8,0.14,0
JackieKashian_Audio.json,34,breakfast,274.8,275.28,0.48,0
JackieKashian_Audio.json,34,pleasers,275.28,275.67,0.39,0
JackieKashian_Audio.json,34,an,275.67,275.77,0.1,0
JackieKashian_Audio.json,34,animal,275.82,276.3,0.48,0
JackieKashian_Audio.json,34,I,276.33,276.57,0.24,1
JackieKashian_Audio.json,34,care,276.57,276.89,0.32,0
JackieKashian_Audio.json,34,clinic,276.89,277.53,0.64,0
JackieKashian_Audio.json,35,just,278.23,278.48,0.25,0
JackieKashian_Audio.json,35,I,278.48,278.61,0.13,1
JackieKashian_Audio.json,35,care,278.61,279.01,0.4,1
JackieKashian_Audio.json,35,are,279.22,279.44,0.22,0
JackieKashian_Audio.json,35,just,279.44,279.62,0.18,0
JackieKashian_Audio.json,35,for,279.62,279.69,0.07,0
JackieKashian_Audio.json,35,the,279.69,279.82,0.13,1
JackieKashian_Audio.json,35,animals,279.82,280.33,0.51,1
JackieKashian_Audio.json,35,I,280.45,280.59,0.14,1
JackieKashian_Audio.json,35,don't,280.59,280.76,0.17,0
JackieKashian_Audio.json,35,have,280.76,280.91,0.15,1
JackieKashian_Audio.json,35,insurance,280.91,281.52,0.61,0
JackieKashian_Audio.json,35,let's,281.55,281.82,0.27,1
JackieKashian_Audio.json,35,get,281.82,282.01,0.19,1
JackieKashian_Audio.json,35,mittens,282.01,282.41,0.4,0
JackieKashian_Audio.json,35,some,282.41,282.59,0.18,0
JackieKashian_Audio.json,35,contacts,282.59,283.26,0.67,0
JackieKashian_Audio.json,35,better,284.94,285.17,0.23,0
JackieKashian_Audio.json,35,now,285.17,285.52,0.35,0
JackieKashian_Audio.json,35,our,285.55,285.67,0.12,0
JackieKashian_Audio.json,35,now,285.67,286.1,0.43,1
JackieKashian_Audio.json,36,yeah,286.79,287.12,0.33,1
JackieKashian_Audio.json,36,are,289.07,289.14,0.07,0
JackieKashian_Audio.json,36,now,289.14,289.52,0.38,1
JackieKashian_Audio.json,36,for,289.61,289.73,0.12,0
JackieKashian_Audio.json,36,now,289.73,289.99,0.26,0
JackieKashian_Audio.json,37,NDA,290.87,292.06,1.19,0
JackieKashian_Audio.json,37,jobs,292.06,292.48,0.42,0
JackieKashian_Audio.json,37,adorable,292.48,293.0,0.52,0
JackieKashian_Audio.json,37,thanks,293.0,293.37,0.37,0
JackieKashian_Audio.json,37,a,293.37,293.43,0.06,1
JackieKashian_Audio.json,37,lot,293.43,293.68,0.25,0
JackieKashian_Audio.json,37,you,293.68,293.78,0.1,0
JackieKashian_Audio.json,37,guys,293.78,294.1,0.32,0
