NateBargatze2_Audio.json,0,thank,0.03,0.24,0.21,0
NateBargatze2_Audio.json,0,you,0.24,0.34,0.1,0
NateBargatze2_Audio.json,0,everybody,0.34,0.87,0.53,0
NateBargatze2_Audio.json,0,it,0.87,0.99,0.12,0
NateBargatze2_Audio.json,0,is,0.99,1.18,0.19,0
NateBargatze2_Audio.json,0,%HESITATION,1.18,1.65,0.47,0
NateBargatze2_Audio.json,0,it's,1.73,1.84,0.11,0
NateBargatze2_Audio.json,0,exciting,1.84,2.25,0.41,0
NateBargatze2_Audio.json,0,to,2.25,2.33,0.08,0
NateBargatze2_Audio.json,0,be,2.33,2.53,0.2,1
NateBargatze2_Audio.json,0,here,2.53,2.94,0.41,1
NateBargatze2_Audio.json,0,%HESITATION,3.09,3.59,0.5,1
NateBargatze2_Audio.json,0,mainly,3.62,4.01,0.39,0
NateBargatze2_Audio.json,0,I'm,4.01,4.17,0.16,1
NateBargatze2_Audio.json,0,gonna,4.17,4.48,0.31,1
NateBargatze2_Audio.json,0,look,4.52,4.72,0.2,0
NateBargatze2_Audio.json,0,including,4.72,5.06,0.34,0
NateBargatze2_Audio.json,0,calmly,5.06,5.41,0.35,0
NateBargatze2_Audio.json,0,soon,5.41,5.83,0.42,0
NateBargatze2_Audio.json,0,so,5.92,6.54,0.62,1
NateBargatze2_Audio.json,0,I,7.03,7.12,0.09,0
NateBargatze2_Audio.json,0,don't,7.12,7.34,0.22,0
NateBargatze2_Audio.json,0,you,7.34,7.43,0.09,0
NateBargatze2_Audio.json,0,guys,7.43,7.62,0.19,0
NateBargatze2_Audio.json,0,to,7.62,7.7,0.08,0
NateBargatze2_Audio.json,0,worry,7.7,7.89,0.19,0
NateBargatze2_Audio.json,0,about,7.89,8.14,0.25,1
NateBargatze2_Audio.json,0,it,8.14,8.28,0.14,0
NateBargatze2_Audio.json,0,%HESITATION,8.43,9.06,0.63,1
NateBargatze2_Audio.json,0,I'll,9.54,9.72,0.18,0
NateBargatze2_Audio.json,0,get,9.72,9.86,0.14,0
NateBargatze2_Audio.json,0,out,9.86,10.11,0.25,0
NateBargatze2_Audio.json,1,I,10.75,10.96,0.21,1
NateBargatze2_Audio.json,1,can't,10.96,11.21,0.25,0
NateBargatze2_Audio.json,1,get,11.21,11.33,0.12,0
NateBargatze2_Audio.json,1,out,11.33,11.57,0.24,0
NateBargatze2_Audio.json,1,yet,11.62,11.95,0.33,0
NateBargatze2_Audio.json,1,because,12.07,12.3,0.23,0
NateBargatze2_Audio.json,1,of,12.3,12.62,0.32,1
NateBargatze2_Audio.json,1,one,12.62,13.03,0.41,1
NateBargatze2_Audio.json,1,it's,13.03,13.2,0.17,0
NateBargatze2_Audio.json,1,pretty,13.2,13.38,0.18,0
NateBargatze2_Audio.json,1,tough,13.38,13.6,0.22,0
NateBargatze2_Audio.json,1,to,13.6,13.71,0.11,1
NateBargatze2_Audio.json,1,put,13.71,13.88,0.17,0
NateBargatze2_Audio.json,1,something,13.88,14.26,0.38,0
NateBargatze2_Audio.json,1,no,14.26,14.42,0.16,1
NateBargatze2_Audio.json,1,one,14.42,14.54,0.12,0
NateBargatze2_Audio.json,1,knows,14.54,14.75,0.21,0
NateBargatze2_Audio.json,1,you,14.75,14.86,0.11,0
NateBargatze2_Audio.json,1,do,14.86,15.15,0.29,1
NateBargatze2_Audio.json,1,so,15.45,16.07,0.62,1
NateBargatze2_Audio.json,2,there's,17.27,17.47,0.2,0
NateBargatze2_Audio.json,2,that,17.47,17.71,0.24,1
NateBargatze2_Audio.json,2,hurdle,17.71,18.2,0.49,0
NateBargatze2_Audio.json,3,there's,18.77,18.95,0.18,0
NateBargatze2_Audio.json,3,actually,18.95,19.19,0.24,0
NateBargatze2_Audio.json,3,no,19.19,19.31,0.12,0
NateBargatze2_Audio.json,3,need,19.31,19.46,0.15,0
NateBargatze2_Audio.json,3,to,19.46,19.54,0.08,0
NateBargatze2_Audio.json,3,quit,19.54,19.79,0.25,0
NateBargatze2_Audio.json,3,if,19.79,20.05,0.26,1
NateBargatze2_Audio.json,3,I,20.05,20.12,0.07,0
NateBargatze2_Audio.json,3,wanna,20.12,20.41,0.29,0
NateBargatze2_Audio.json,3,quit,20.41,20.7,0.29,1
NateBargatze2_Audio.json,3,no,20.7,20.8,0.1,0
NateBargatze2_Audio.json,3,one,20.8,20.9,0.1,0
NateBargatze2_Audio.json,3,cares,20.9,21.42,0.52,0
NateBargatze2_Audio.json,3,that,21.42,21.59,0.17,0
NateBargatze2_Audio.json,3,I'm,21.59,21.68,0.09,0
NateBargatze2_Audio.json,3,doing,21.68,21.93,0.25,0
NateBargatze2_Audio.json,3,this,21.93,22.22,0.29,1
NateBargatze2_Audio.json,3,like,22.25,22.48,0.23,1
NateBargatze2_Audio.json,3,I,22.48,22.53,0.05,0
NateBargatze2_Audio.json,3,don't,22.53,22.69,0.16,0
NateBargatze2_Audio.json,3,have,22.69,22.79,0.1,0
NateBargatze2_Audio.json,3,a,22.79,22.85,0.06,0
NateBargatze2_Audio.json,3,boss,22.85,23.45,0.6,0
NateBargatze2_Audio.json,4,I,23.88,24.0,0.12,0
NateBargatze2_Audio.json,4,can't,24.0,24.23,0.23,0
NateBargatze2_Audio.json,4,just,24.23,24.43,0.2,0
NateBargatze2_Audio.json,4,call,24.43,24.79,0.36,0
NateBargatze2_Audio.json,4,because,24.79,25.22,0.43,1
NateBargatze2_Audio.json,4,being,25.22,25.42,0.2,0
NateBargatze2_Audio.json,4,big,25.42,25.63,0.21,0
NateBargatze2_Audio.json,4,look,25.63,25.8,0.17,0
NateBargatze2_Audio.json,4,come,25.8,25.96,0.16,0
NateBargatze2_Audio.json,4,out,25.96,26.27,0.31,1
NateBargatze2_Audio.json,4,alright,26.39,26.75,0.36,1
NateBargatze2_Audio.json,5,here's,29.1,29.35,0.25,0
NateBargatze2_Audio.json,5,why,29.35,29.84,0.49,0
NateBargatze2_Audio.json,5,I,29.87,29.98,0.11,0
NateBargatze2_Audio.json,5,do,29.98,30.15,0.17,1
NateBargatze2_Audio.json,5,it,30.15,30.29,0.14,0
NateBargatze2_Audio.json,5,my,30.29,30.63,0.34,1
NateBargatze2_Audio.json,5,and,30.63,30.8,0.17,0
NateBargatze2_Audio.json,5,my,30.8,30.91,0.11,0
NateBargatze2_Audio.json,5,dad,30.91,31.29,0.38,1
NateBargatze2_Audio.json,5,is,31.29,31.39,0.1,0
NateBargatze2_Audio.json,5,an,31.39,31.46,0.07,0
NateBargatze2_Audio.json,5,entertainer,31.46,32.0,0.54,0
NateBargatze2_Audio.json,5,as,32.0,32.18,0.18,1
NateBargatze2_Audio.json,5,well,32.18,32.45,0.27,0
NateBargatze2_Audio.json,5,he's,32.45,32.73,0.28,1
NateBargatze2_Audio.json,5,a,32.73,33.03,0.3,1
NateBargatze2_Audio.json,5,magician,33.13,33.85,0.72,1
NateBargatze2_Audio.json,6,still,34.26,34.55,0.29,1
NateBargatze2_Audio.json,6,is,34.55,34.98,0.43,1
NateBargatze2_Audio.json,6,a,35.01,35.09,0.08,1
NateBargatze2_Audio.json,6,magician,35.09,35.65,0.56,0
NateBargatze2_Audio.json,7,%HESITATION,36.05,36.45,0.4,0
NateBargatze2_Audio.json,7,but,36.45,36.73,0.28,1
NateBargatze2_Audio.json,7,but,36.88,37.25,0.37,1
NateBargatze2_Audio.json,7,just,37.28,37.51,0.23,0
NateBargatze2_Audio.json,7,in,37.51,37.61,0.1,0
NateBargatze2_Audio.json,7,it,37.61,37.82,0.21,1
NateBargatze2_Audio.json,7,like,37.82,37.97,0.15,0
NateBargatze2_Audio.json,7,you,37.97,38.05,0.08,0
NateBargatze2_Audio.json,7,started,38.05,38.32,0.27,0
NateBargatze2_Audio.json,7,as,38.32,38.42,0.1,0
NateBargatze2_Audio.json,7,a,38.42,38.46,0.04,0
NateBargatze2_Audio.json,7,clown,38.46,38.93,0.47,1
NateBargatze2_Audio.json,8,like,39.61,39.83,0.22,1
NateBargatze2_Audio.json,8,I,39.83,39.94,0.11,0
NateBargatze2_Audio.json,8,want,39.94,40.09,0.15,0
NateBargatze2_Audio.json,8,it,40.09,40.17,0.08,0
NateBargatze2_Audio.json,8,to,40.17,40.27,0.1,0
NateBargatze2_Audio.json,8,appear,40.27,40.6,0.33,0
NateBargatze2_Audio.json,8,come,40.6,40.84,0.24,1
NateBargatze2_Audio.json,8,awfully,40.84,41.17,0.33,0
NateBargatze2_Audio.json,8,I,41.17,41.22,0.05,0
NateBargatze2_Audio.json,8,come,41.22,41.45,0.23,1
NateBargatze2_Audio.json,8,from,41.45,41.62,0.17,0
NateBargatze2_Audio.json,8,some,41.62,41.83,0.21,0
NateBargatze2_Audio.json,8,rich,41.83,42.09,0.26,0
NateBargatze2_Audio.json,8,magic,42.09,42.49,0.4,0
NateBargatze2_Audio.json,8,family,42.49,43.01,0.52,0
NateBargatze2_Audio.json,8,annnnd,43.04,44.65,1.61,0
NateBargatze2_Audio.json,8,I'm,44.65,44.82,0.17,1
NateBargatze2_Audio.json,8,better,44.82,45.08,0.26,0
NateBargatze2_Audio.json,8,than,45.08,45.22,0.14,0
NateBargatze2_Audio.json,8,you,45.22,45.35,0.13,0
NateBargatze2_Audio.json,8,got,45.35,45.49,0.14,0
NateBargatze2_Audio.json,9,alright,45.84,46.13,0.29,0
NateBargatze2_Audio.json,9,he,46.13,46.21,0.08,0
NateBargatze2_Audio.json,9,paid,46.21,46.5,0.29,0
NateBargatze2_Audio.json,9,his,46.5,46.66,0.16,0
NateBargatze2_Audio.json,9,dues,46.66,47.18,0.52,0
NateBargatze2_Audio.json,9,clown,47.32,47.64,0.32,0
NateBargatze2_Audio.json,9,dues,47.64,48.08,0.44,0
NateBargatze2_Audio.json,10,it's,48.69,48.88,0.19,1
NateBargatze2_Audio.json,10,weird,48.88,49.19,0.31,0
NateBargatze2_Audio.json,10,when,49.19,49.29,0.1,0
NateBargatze2_Audio.json,10,it,49.29,49.43,0.14,0
NateBargatze2_Audio.json,10,adds,49.43,49.63,0.2,0
NateBargatze2_Audio.json,10,a,49.63,49.67,0.04,0
NateBargatze2_Audio.json,10,clown,49.67,50.05,0.38,0
NateBargatze2_Audio.json,10,though,50.05,50.35,0.3,1
NateBargatze2_Audio.json,10,sweet,50.73,51.03,0.3,0
NateBargatze2_Audio.json,10,every,51.03,51.21,0.18,0
NateBargatze2_Audio.json,10,day,51.21,51.62,0.41,1
NateBargatze2_Audio.json,10,%HESITATION,51.83,52.35,0.52,1
NateBargatze2_Audio.json,12,it,53.81,53.96,0.15,1
NateBargatze2_Audio.json,12,maybe,53.96,54.2,0.24,0
NateBargatze2_Audio.json,12,not,54.2,54.53,0.33,1
NateBargatze2_Audio.json,12,like,54.53,54.75,0.22,1
NateBargatze2_Audio.json,12,clowns,54.75,55.47,0.72,0
NateBargatze2_Audio.json,12,you,55.5,55.63,0.13,0
NateBargatze2_Audio.json,12,know,55.63,55.84,0.21,0
NateBargatze2_Audio.json,12,like,55.84,56.05,0.21,0
NateBargatze2_Audio.json,12,as,56.05,56.15,0.1,0
NateBargatze2_Audio.json,12,if,56.15,56.25,0.1,0
NateBargatze2_Audio.json,12,you're,56.25,56.35,0.1,0
NateBargatze2_Audio.json,12,being,56.35,56.53,0.18,0
NateBargatze2_Audio.json,12,yelled,56.53,56.79,0.26,0
NateBargatze2_Audio.json,12,at,56.79,56.87,0.08,0
NateBargatze2_Audio.json,12,by,56.87,57.02,0.15,0
NateBargatze2_Audio.json,12,a,57.02,57.07,0.05,0
NateBargatze2_Audio.json,12,clown,57.07,57.5,0.43,1
NateBargatze2_Audio.json,12,I,57.53,57.68,0.15,1
NateBargatze2_Audio.json,12,have,57.68,58.1,0.42,1
NateBargatze2_Audio.json,13,yeah,59.59,59.86,0.27,0
NateBargatze2_Audio.json,14,you,60.56,60.64,0.08,0
NateBargatze2_Audio.json,14,know,60.64,60.75,0.11,0
NateBargatze2_Audio.json,14,confusing,60.75,61.33,0.58,0
NateBargatze2_Audio.json,14,that,61.33,61.5,0.17,0
NateBargatze2_Audio.json,14,is,61.5,61.67,0.17,0
NateBargatze2_Audio.json,14,get,61.67,61.83,0.16,1
NateBargatze2_Audio.json,14,screamed,61.83,62.18,0.35,0
NateBargatze2_Audio.json,14,at,62.18,62.3,0.12,0
NateBargatze2_Audio.json,14,by,62.3,62.47,0.17,0
NateBargatze2_Audio.json,14,guys,62.47,62.75,0.28,1
NateBargatze2_Audio.json,14,gonna,62.75,62.9,0.15,0
NateBargatze2_Audio.json,14,smile,62.9,63.29,0.39,0
NateBargatze2_Audio.json,14,playing,63.29,63.57,0.28,0
NateBargatze2_Audio.json,14,on,63.57,63.66,0.09,0
NateBargatze2_Audio.json,14,his,63.66,63.82,0.16,0
NateBargatze2_Audio.json,14,face,63.82,64.28,0.46,0
NateBargatze2_Audio.json,15,is,65.65,65.76,0.11,0
NateBargatze2_Audio.json,15,this,65.76,65.94,0.18,0
NateBargatze2_Audio.json,15,good,65.94,66.16,0.22,0
NateBargatze2_Audio.json,15,it's,66.16,66.31,0.15,0
NateBargatze2_Audio.json,15,not,66.31,66.49,0.18,0
NateBargatze2_Audio.json,15,good,66.49,66.76,0.27,1
NateBargatze2_Audio.json,16,here's,67.81,68.04,0.23,0
NateBargatze2_Audio.json,16,a,68.04,68.09,0.05,0
NateBargatze2_Audio.json,16,cloud,68.09,68.46,0.37,0
NateBargatze2_Audio.json,16,draws,68.46,68.68,0.22,0
NateBargatze2_Audio.json,16,about,68.68,68.86,0.18,0
NateBargatze2_Audio.json,16,twelve,68.86,69.15,0.29,0
NateBargatze2_Audio.json,16,years,69.15,69.37,0.22,0
NateBargatze2_Audio.json,16,old,69.37,69.59,0.22,0
NateBargatze2_Audio.json,16,and,69.62,70.06,0.44,1
NateBargatze2_Audio.json,16,from,70.06,70.3,0.24,1
NateBargatze2_Audio.json,16,experience,70.3,70.94,0.64,0
NateBargatze2_Audio.json,16,I,70.94,71.05,0.11,0
NateBargatze2_Audio.json,16,can,71.05,71.17,0.12,0
NateBargatze2_Audio.json,16,tell,71.17,71.39,0.22,0
NateBargatze2_Audio.json,16,you,71.39,71.55,0.16,1
NateBargatze2_Audio.json,16,that's,71.55,71.73,0.18,0
NateBargatze2_Audio.json,16,about,71.73,71.87,0.14,0
NateBargatze2_Audio.json,16,as,71.87,71.97,0.1,0
NateBargatze2_Audio.json,16,long,71.97,72.37,0.4,0
NateBargatze2_Audio.json,16,as,72.4,72.53,0.13,0
NateBargatze2_Audio.json,16,you,72.53,72.64,0.11,0
NateBargatze2_Audio.json,16,want,72.64,72.8,0.16,0
NateBargatze2_Audio.json,16,your,72.8,72.9,0.1,0
NateBargatze2_Audio.json,16,dad,72.9,73.11,0.21,0
NateBargatze2_Audio.json,16,to,73.11,73.19,0.08,0
NateBargatze2_Audio.json,16,be,73.19,73.31,0.12,0
NateBargatze2_Audio.json,16,a,73.31,73.38,0.07,0
NateBargatze2_Audio.json,16,clown,73.38,73.72,0.34,0
NateBargatze2_Audio.json,16,%HESITATION,74.15,74.62,0.47,0
NateBargatze2_Audio.json,17,we,75.5,75.61,0.11,1
NateBargatze2_Audio.json,17,have,75.61,75.71,0.1,0
NateBargatze2_Audio.json,17,six,75.71,75.93,0.22,0
NateBargatze2_Audio.json,17,and,75.93,76.04,0.11,0
NateBargatze2_Audio.json,17,seven,76.04,76.39,0.35,0
NateBargatze2_Audio.json,17,this,76.39,76.57,0.18,0
NateBargatze2_Audio.json,17,in,76.57,76.65,0.08,0
NateBargatze2_Audio.json,17,parks,76.65,77.2,0.55,0
NateBargatze2_Audio.json,17,but,77.23,77.57,0.34,1
NateBargatze2_Audio.json,17,let,77.6,77.77,0.17,0
NateBargatze2_Audio.json,17,me,77.77,77.91,0.14,0
NateBargatze2_Audio.json,17,twelve,77.91,78.28,0.37,1
NateBargatze2_Audio.json,17,and,78.28,78.37,0.09,0
NateBargatze2_Audio.json,17,thirteen,78.37,79.04,0.67,0
NateBargatze2_Audio.json,17,kid,79.07,79.26,0.19,0
NateBargatze2_Audio.json,17,that,79.26,79.39,0.13,0
NateBargatze2_Audio.json,17,score,79.39,79.64,0.25,0
NateBargatze2_Audio.json,17,like,79.64,79.82,0.18,0
NateBargatze2_Audio.json,17,he's,79.82,79.95,0.13,0
NateBargatze2_Audio.json,17,still,79.95,80.12,0.17,0
NateBargatze2_Audio.json,17,doing,80.12,80.44,0.32,1
NateBargatze2_Audio.json,17,that,80.44,80.73,0.29,1
NateBargatze2_Audio.json,18,like,81.75,81.94,0.19,0
NateBargatze2_Audio.json,18,you,81.94,82.0,0.06,0
NateBargatze2_Audio.json,18,know,82.0,82.12,0.12,0
NateBargatze2_Audio.json,18,a,82.12,82.18,0.06,0
NateBargatze2_Audio.json,18,guy,82.18,82.36,0.18,0
NateBargatze2_Audio.json,18,just,82.36,82.64,0.28,1
NateBargatze2_Audio.json,18,off,82.64,82.86,0.22,0
NateBargatze2_Audio.json,18,and,82.86,82.96,0.1,0
NateBargatze2_Audio.json,18,on,82.96,83.19,0.23,1
NateBargatze2_Audio.json,18,her,83.19,83.39,0.2,0
NateBargatze2_Audio.json,18,right,83.39,83.63,0.24,0
NateBargatze2_Audio.json,18,he,83.63,83.82,0.19,1
NateBargatze2_Audio.json,18,is,83.82,83.98,0.16,0
NateBargatze2_Audio.json,18,almost,83.98,84.38,0.4,0
NateBargatze2_Audio.json,18,full,84.38,84.57,0.19,0
NateBargatze2_Audio.json,18,time,84.57,84.84,0.27,0
NateBargatze2_Audio.json,18,magic,84.84,85.41,0.57,1
NateBargatze2_Audio.json,18,so,85.41,85.99,0.58,1
NateBargatze2_Audio.json,19,maybe,87.29,87.74,0.45,1
NateBargatze2_Audio.json,20,this,90.4,90.67,0.27,1
NateBargatze2_Audio.json,20,is,90.67,90.74,0.07,0
NateBargatze2_Audio.json,20,done,90.74,91.22,0.48,0
NateBargatze2_Audio.json,20,the,91.77,91.89,0.12,1
NateBargatze2_Audio.json,20,fun,91.89,92.19,0.3,0
NateBargatze2_Audio.json,20,thing,92.19,92.48,0.29,1
NateBargatze2_Audio.json,20,though,92.48,92.65,0.17,0
NateBargatze2_Audio.json,20,about,92.65,92.84,0.19,0
NateBargatze2_Audio.json,20,a,92.84,92.92,0.08,1
NateBargatze2_Audio.json,20,comedian,92.92,93.36,0.44,0
NateBargatze2_Audio.json,20,I'm,93.36,93.47,0.11,0
NateBargatze2_Audio.json,20,looking,93.47,93.76,0.29,0
NateBargatze2_Audio.json,20,out,93.76,93.88,0.12,0
NateBargatze2_Audio.json,20,my,93.88,93.98,0.1,0
NateBargatze2_Audio.json,20,friends,93.98,94.47,0.49,1
NateBargatze2_Audio.json,20,I,94.68,94.8,0.12,0
NateBargatze2_Audio.json,20,got,94.8,94.9,0.1,0
NateBargatze2_Audio.json,20,a,94.9,94.94,0.04,0
NateBargatze2_Audio.json,20,buddy,94.94,95.16,0.22,0
NateBargatze2_Audio.json,20,of,95.16,95.22,0.06,0
NateBargatze2_Audio.json,20,mine,95.22,95.44,0.22,0
NateBargatze2_Audio.json,20,his,95.44,95.58,0.14,0
NateBargatze2_Audio.json,20,name's,95.58,95.89,0.31,0
NateBargatze2_Audio.json,20,%HESITATION,95.89,96.06,0.17,0
NateBargatze2_Audio.json,20,lose,96.06,96.33,0.27,0
NateBargatze2_Audio.json,20,Gomez,96.33,96.83,0.5,0
NateBargatze2_Audio.json,20,and,96.83,97.15,0.32,1
NateBargatze2_Audio.json,20,mean,97.15,97.43,0.28,0
NateBargatze2_Audio.json,20,Lewis,97.43,97.92,0.49,1
NateBargatze2_Audio.json,20,went,98.17,98.37,0.2,1
NateBargatze2_Audio.json,20,to,98.37,98.46,0.09,0
NateBargatze2_Audio.json,20,McDonald's,98.46,98.93,0.47,0
NateBargatze2_Audio.json,20,the,98.93,99.07,0.14,1
NateBargatze2_Audio.json,20,recently,99.07,99.52,0.45,0
NateBargatze2_Audio.json,20,and,99.55,99.83,0.28,1
NateBargatze2_Audio.json,20,we,99.83,99.92,0.09,0
NateBargatze2_Audio.json,20,both,99.92,100.18,0.26,0
NateBargatze2_Audio.json,20,go,100.18,100.32,0.14,1
NateBargatze2_Audio.json,20,we,100.32,100.44,0.12,1
NateBargatze2_Audio.json,20,ordered,100.44,100.74,0.3,0
NateBargatze2_Audio.json,20,our,100.74,100.84,0.1,1
NateBargatze2_Audio.json,20,food,100.84,101.27,0.43,0
NateBargatze2_Audio.json,20,and,101.59,101.76,0.17,0
NateBargatze2_Audio.json,20,we,101.76,101.83,0.07,0
NateBargatze2_Audio.json,20,take,101.83,102.07,0.24,0
NateBargatze2_Audio.json,20,our,102.07,102.14,0.07,0
NateBargatze2_Audio.json,20,food,102.14,102.53,0.39,0
NateBargatze2_Audio.json,20,and,102.53,102.63,0.1,0
NateBargatze2_Audio.json,20,we,102.63,102.71,0.08,0
NateBargatze2_Audio.json,20,sit,102.71,103.02,0.31,1
NateBargatze2_Audio.json,20,down,103.02,103.32,0.3,1
NateBargatze2_Audio.json,20,at,103.32,103.51,0.19,1
NateBargatze2_Audio.json,20,a,103.51,103.59,0.08,1
NateBargatze2_Audio.json,20,table,103.59,104.1,0.51,0
NateBargatze2_Audio.json,20,in,104.3,104.41,0.11,0
NateBargatze2_Audio.json,20,the,104.41,104.47,0.06,0
NateBargatze2_Audio.json,20,Lewis,104.47,104.87,0.4,0
NateBargatze2_Audio.json,20,went,104.87,105.02,0.15,0
NateBargatze2_Audio.json,20,to,105.02,105.08,0.06,0
NateBargatze2_Audio.json,20,the,105.08,105.16,0.08,0
NateBargatze2_Audio.json,20,bathroom,105.16,105.73,0.57,0
NateBargatze2_Audio.json,20,so,105.95,106.13,0.18,0
NateBargatze2_Audio.json,20,he,106.13,106.2,0.07,0
NateBargatze2_Audio.json,20,left,106.2,106.44,0.24,0
NateBargatze2_Audio.json,20,me,106.44,106.53,0.09,0
NateBargatze2_Audio.json,20,alone,106.53,106.79,0.26,0
NateBargatze2_Audio.json,20,this,106.79,106.92,0.13,0
NateBargatze2_Audio.json,20,food,106.92,107.22,0.3,0
NateBargatze2_Audio.json,20,so,107.4,107.87,0.47,1
NateBargatze2_Audio.json,20,housing,107.9,108.2,0.3,0
NateBargatze2_Audio.json,20,will,108.2,108.3,0.1,0
NateBargatze2_Audio.json,20,play,108.3,108.49,0.19,0
NateBargatze2_Audio.json,20,a,108.49,108.55,0.06,0
NateBargatze2_Audio.json,20,prank,108.55,108.9,0.35,0
NateBargatze2_Audio.json,20,on,108.9,109.06,0.16,1
NateBargatze2_Audio.json,20,him,109.06,109.25,0.19,1
NateBargatze2_Audio.json,20,you,109.4,109.53,0.13,0
NateBargatze2_Audio.json,20,know,109.53,109.78,0.25,1
NateBargatze2_Audio.json,20,so,109.97,110.13,0.16,0
NateBargatze2_Audio.json,20,I,110.13,110.19,0.06,0
NateBargatze2_Audio.json,20,grab,110.19,110.52,0.33,0
NateBargatze2_Audio.json,20,his,110.52,110.66,0.14,0
NateBargatze2_Audio.json,20,hamburger,110.66,111.26,0.6,0
NateBargatze2_Audio.json,20,I,111.26,111.41,0.15,1
NateBargatze2_Audio.json,20,and,111.41,111.55,0.14,0
NateBargatze2_Audio.json,20,wrapped,111.55,111.9,0.35,0
NateBargatze2_Audio.json,20,it,111.9,112.07,0.17,1
NateBargatze2_Audio.json,20,I,112.1,112.2,0.1,0
NateBargatze2_Audio.json,20,took,112.2,112.44,0.24,0
NateBargatze2_Audio.json,20,a,112.44,112.49,0.05,0
NateBargatze2_Audio.json,20,bite,112.49,112.84,0.35,0
NateBargatze2_Audio.json,20,out,112.84,113.02,0.18,0
NateBargatze2_Audio.json,20,of,113.02,113.17,0.15,0
NateBargatze2_Audio.json,20,it,113.17,113.31,0.14,0
NateBargatze2_Audio.json,20,and,113.53,113.68,0.15,0
NateBargatze2_Audio.json,20,I,113.68,113.75,0.07,0
NateBargatze2_Audio.json,20,wrapped,113.75,114.12,0.37,0
NateBargatze2_Audio.json,20,it,114.12,114.2,0.08,0
NateBargatze2_Audio.json,20,back,114.2,114.48,0.28,0
NateBargatze2_Audio.json,20,up,114.48,114.72,0.24,1
NateBargatze2_Audio.json,20,I,114.75,114.87,0.12,0
NateBargatze2_Audio.json,20,put,114.87,115.08,0.21,1
NateBargatze2_Audio.json,20,it,115.08,115.16,0.08,0
NateBargatze2_Audio.json,20,back,115.16,115.37,0.21,0
NateBargatze2_Audio.json,20,down,115.37,115.55,0.18,0
NateBargatze2_Audio.json,20,on,115.55,115.66,0.11,0
NateBargatze2_Audio.json,20,this,115.66,115.8,0.14,0
NateBargatze2_Audio.json,20,track,115.8,116.17,0.37,0
NateBargatze2_Audio.json,21,so,116.74,116.88,0.14,0
NateBargatze2_Audio.json,21,that's,116.88,117.11,0.23,1
NateBargatze2_Audio.json,21,my,117.11,117.41,0.3,1
NateBargatze2_Audio.json,21,big,117.41,117.65,0.24,0
NateBargatze2_Audio.json,21,break,117.65,118.17,0.52,0
NateBargatze2_Audio.json,22,like,119.07,119.24,0.17,0
NateBargatze2_Audio.json,22,when,119.24,119.33,0.09,0
NateBargatze2_Audio.json,22,he,119.33,119.4,0.07,0
NateBargatze2_Audio.json,22,comes,119.4,119.73,0.33,0
NateBargatze2_Audio.json,22,back,119.73,120.06,0.33,1
NateBargatze2_Audio.json,22,and,120.06,120.16,0.1,0
NateBargatze2_Audio.json,22,open,120.16,120.38,0.22,0
NateBargatze2_Audio.json,22,his,120.38,120.56,0.18,0
NateBargatze2_Audio.json,22,burger,120.56,120.9,0.34,0
NateBargatze2_Audio.json,22,house,120.9,121.11,0.21,0
NateBargatze2_Audio.json,22,make,121.11,121.33,0.22,0
NateBargatze2_Audio.json,22,do,121.33,121.44,0.11,0
NateBargatze2_Audio.json,22,do,121.44,121.57,0.13,0
NateBargatze2_Audio.json,22,they,121.57,121.73,0.16,0
NateBargatze2_Audio.json,22,eat,121.73,122.12,0.39,0
NateBargatze2_Audio.json,22,your,122.12,122.27,0.15,1
NateBargatze2_Audio.json,22,burger,122.27,122.89,0.62,1
NateBargatze2_Audio.json,22,before,122.92,123.24,0.32,0
NateBargatze2_Audio.json,22,they,123.24,123.36,0.12,0
NateBargatze2_Audio.json,22,gave,123.36,123.63,0.27,0
NateBargatze2_Audio.json,22,it,123.63,123.73,0.1,0
NateBargatze2_Audio.json,22,to,123.73,123.85,0.12,1
NateBargatze2_Audio.json,22,me,123.85,124.06,0.21,1
NateBargatze2_Audio.json,22,that's,124.06,124.33,0.27,1
NateBargatze2_Audio.json,22,crazy,124.33,124.8,0.47,0
NateBargatze2_Audio.json,22,right,124.8,125.15,0.35,1
NateBargatze2_Audio.json,22,is,125.18,125.33,0.15,0
NateBargatze2_Audio.json,22,that,125.33,125.49,0.16,0
NateBargatze2_Audio.json,22,right,125.53,125.75,0.22,0
NateBargatze2_Audio.json,23,it's,127.74,127.91,0.17,0
NateBargatze2_Audio.json,23,a,127.91,127.96,0.05,0
NateBargatze2_Audio.json,23,ridiculous,127.96,128.62,0.66,0
NateBargatze2_Audio.json,23,prank,128.62,128.95,0.33,0
NateBargatze2_Audio.json,23,at,128.95,129.04,0.09,0
NateBargatze2_Audio.json,23,Saddam,129.04,129.58,0.54,0
NateBargatze2_Audio.json,23,it's,129.69,129.87,0.18,1
NateBargatze2_Audio.json,23,harmless,129.87,130.4,0.53,0
NateBargatze2_Audio.json,23,it,130.4,130.49,0.09,0
NateBargatze2_Audio.json,23,should,130.49,130.66,0.17,0
NateBargatze2_Audio.json,23,never,130.66,130.86,0.2,0
NateBargatze2_Audio.json,23,leave,130.86,131.05,0.19,0
NateBargatze2_Audio.json,23,the,131.05,131.12,0.07,0
NateBargatze2_Audio.json,23,table,131.12,131.65,0.53,0
NateBargatze2_Audio.json,23,what,131.87,132.09,0.22,1
NateBargatze2_Audio.json,23,should,132.09,132.3,0.21,0
NateBargatze2_Audio.json,23,happen,132.3,132.63,0.33,0
NateBargatze2_Audio.json,23,is,132.63,132.75,0.12,0
NateBargatze2_Audio.json,23,Louis,132.75,132.96,0.21,0
NateBargatze2_Audio.json,23,you,132.96,133.06,0.1,0
NateBargatze2_Audio.json,23,just,133.06,133.25,0.19,0
NateBargatze2_Audio.json,23,come,133.25,133.42,0.17,0
NateBargatze2_Audio.json,23,back,133.42,133.73,0.31,1
NateBargatze2_Audio.json,23,you,133.73,133.8,0.07,0
NateBargatze2_Audio.json,23,should,133.8,133.99,0.19,0
NateBargatze2_Audio.json,23,open,133.99,134.26,0.27,0
NateBargatze2_Audio.json,23,his,134.26,134.39,0.13,0
NateBargatze2_Audio.json,23,burger,134.39,134.95,0.56,1
NateBargatze2_Audio.json,23,in,135.2,135.31,0.11,0
NateBargatze2_Audio.json,23,his,135.31,135.45,0.14,0
NateBargatze2_Audio.json,23,first,135.45,135.77,0.32,1
NateBargatze2_Audio.json,23,reaction,135.77,136.24,0.47,0
NateBargatze2_Audio.json,23,should,136.24,136.45,0.21,0
NateBargatze2_Audio.json,23,be,136.45,136.63,0.18,1
NateBargatze2_Audio.json,23,to,136.63,136.77,0.14,1
NateBargatze2_Audio.json,23,look,136.77,137.0,0.23,0
NateBargatze2_Audio.json,23,at,137.0,137.1,0.1,0
NateBargatze2_Audio.json,23,his,137.1,137.31,0.21,1
NateBargatze2_Audio.json,23,best,137.31,137.68,0.37,0
NateBargatze2_Audio.json,23,friend,137.68,138.17,0.49,0
NateBargatze2_Audio.json,23,he,138.45,138.59,0.14,1
NateBargatze2_Audio.json,23,sitting,138.59,138.98,0.39,1
NateBargatze2_Audio.json,23,with,138.98,139.27,0.29,1
NateBargatze2_Audio.json,23,who,139.48,139.75,0.27,1
NateBargatze2_Audio.json,23,by,139.75,139.95,0.2,1
NateBargatze2_Audio.json,23,the,139.95,140.04,0.09,0
NateBargatze2_Audio.json,23,way,140.04,140.16,0.12,0
NateBargatze2_Audio.json,23,also,140.16,140.55,0.39,0
NateBargatze2_Audio.json,23,dabbles,140.55,141.03,0.48,0
NateBargatze2_Audio.json,23,in,141.03,141.14,0.11,0
NateBargatze2_Audio.json,23,comedy,141.14,141.7,0.56,0
NateBargatze2_Audio.json,24,and,144.81,145.03,0.22,1
NateBargatze2_Audio.json,24,just,145.03,145.25,0.22,0
NateBargatze2_Audio.json,24,be,145.25,145.34,0.09,0
NateBargatze2_Audio.json,24,like,145.34,145.56,0.22,1
NateBargatze2_Audio.json,24,Hey,145.56,145.86,0.3,1
NateBargatze2_Audio.json,24,ads,145.86,146.04,0.18,0
NateBargatze2_Audio.json,24,would,146.04,146.29,0.25,1
NateBargatze2_Audio.json,24,run,146.29,146.5,0.21,0
NateBargatze2_Audio.json,24,this,146.5,146.71,0.21,0
NateBargatze2_Audio.json,24,by,146.71,146.91,0.2,1
NateBargatze2_Audio.json,24,you,146.91,147.27,0.36,1
NateBargatze2_Audio.json,24,%HESITATION,147.3,147.71,0.41,0
NateBargatze2_Audio.json,24,before,147.71,148.07,0.36,0
NateBargatze2_Audio.json,24,I,148.07,148.16,0.09,0
NateBargatze2_Audio.json,24,unexpectedly,148.16,148.89,0.73,0
NateBargatze2_Audio.json,24,go,148.89,149.03,0.14,1
NateBargatze2_Audio.json,24,freak,149.03,149.44,0.41,0
NateBargatze2_Audio.json,24,out,149.44,149.87,0.43,1
NateBargatze2_Audio.json,25,on,151.97,152.11,0.14,0
NateBargatze2_Audio.json,25,the,152.11,152.2,0.09,0
NateBargatze2_Audio.json,25,since,152.2,152.46,0.26,0
NateBargatze2_Audio.json,25,higher,152.46,152.8,0.34,0
NateBargatze2_Audio.json,25,McDonald's,152.8,153.55,0.75,1
NateBargatze2_Audio.json,27,that's,155.24,155.35,0.11,0
NateBargatze2_Audio.json,27,what,155.35,155.46,0.11,0
NateBargatze2_Audio.json,27,I,155.46,155.51,0.05,0
NateBargatze2_Audio.json,27,thought,155.51,155.8,0.29,0
NateBargatze2_Audio.json,27,would,155.8,155.91,0.11,0
NateBargatze2_Audio.json,27,go,155.91,156.02,0.11,0
NateBargatze2_Audio.json,27,down,156.02,156.24,0.22,0
NateBargatze2_Audio.json,27,just,156.24,156.43,0.19,0
NateBargatze2_Audio.json,27,a,156.43,156.47,0.04,0
NateBargatze2_Audio.json,27,quick,156.47,156.82,0.35,0
NateBargatze2_Audio.json,27,Hayward,156.82,157.32,0.5,0
NateBargatze2_Audio.json,27,to,157.32,157.39,0.07,0
NateBargatze2_Audio.json,27,see,157.39,157.85,0.46,1
NateBargatze2_Audio.json,27,if,157.85,157.98,0.13,0
NateBargatze2_Audio.json,27,you,157.98,158.1,0.12,0
NateBargatze2_Audio.json,27,touch,158.1,158.36,0.26,0
NateBargatze2_Audio.json,27,my,158.36,158.52,0.16,0
NateBargatze2_Audio.json,27,food,158.52,159.04,0.52,1
NateBargatze2_Audio.json,27,the,159.25,159.42,0.17,1
NateBargatze2_Audio.json,27,only,159.42,159.64,0.22,0
NateBargatze2_Audio.json,27,time,159.64,159.91,0.27,0
NateBargatze2_Audio.json,27,is,159.91,160.06,0.15,0
NateBargatze2_Audio.json,27,on,160.06,160.21,0.15,0
NateBargatze2_Audio.json,27,my,160.21,160.34,0.13,0
NateBargatze2_Audio.json,27,site,160.34,160.97,0.63,0
NateBargatze2_Audio.json,28,the,161.39,161.47,0.08,0
NateBargatze2_Audio.json,28,front,161.47,161.72,0.25,0
NateBargatze2_Audio.json,28,door,161.72,161.82,0.1,0
NateBargatze2_Audio.json,28,to,161.82,161.89,0.07,0
NateBargatze2_Audio.json,28,fight,161.89,162.29,0.4,0
NateBargatze2_Audio.json,28,a,162.29,162.37,0.08,1
NateBargatze2_Audio.json,28,group,162.37,162.64,0.27,0
NateBargatze2_Audio.json,28,of,162.64,162.76,0.12,0
NateBargatze2_Audio.json,28,people,162.76,163.33,0.57,1
NateBargatze2_Audio.json,29,we're,164.21,164.3,0.09,0
NateBargatze2_Audio.json,29,gonna,164.3,164.46,0.16,0
NateBargatze2_Audio.json,29,be,164.46,164.57,0.11,0
NateBargatze2_Audio.json,29,pretty,164.57,164.89,0.32,1
NateBargatze2_Audio.json,29,confused,164.89,165.4,0.51,0
NateBargatze2_Audio.json,29,on,165.4,165.49,0.09,0
NateBargatze2_Audio.json,29,whether,165.49,165.73,0.24,0
NateBargatze2_Audio.json,29,fighting,165.73,166.22,0.49,0
NateBargatze2_Audio.json,30,but,168.44,168.69,0.25,0
NateBargatze2_Audio.json,30,instead,168.69,169.13,0.44,0
NateBargatze2_Audio.json,30,there,169.13,169.23,0.1,0
NateBargatze2_Audio.json,30,was,169.23,169.33,0.1,0
NateBargatze2_Audio.json,30,the,169.33,169.42,0.09,0
NateBargatze2_Audio.json,30,day,169.42,169.68,0.26,0
NateBargatze2_Audio.json,30,I,169.68,169.84,0.16,1
NateBargatze2_Audio.json,30,learned,169.84,170.21,0.37,0
NateBargatze2_Audio.json,30,I'm,170.21,170.36,0.15,1
NateBargatze2_Audio.json,30,friends,170.36,170.68,0.32,0
NateBargatze2_Audio.json,30,with,170.68,170.79,0.11,0
NateBargatze2_Audio.json,30,a,170.79,170.83,0.04,0
NateBargatze2_Audio.json,30,lunatic,170.83,171.56,0.73,0
NateBargatze2_Audio.json,31,and,174.95,175.11,0.16,0
NateBargatze2_Audio.json,31,the,175.11,175.17,0.06,0
NateBargatze2_Audio.json,31,guy,175.17,175.5,0.33,1
NateBargatze2_Audio.json,31,comfortable,175.5,176.01,0.51,0
NateBargatze2_Audio.json,31,fighting,176.01,176.42,0.41,0
NateBargatze2_Audio.json,31,the,176.42,176.51,0.09,0
NateBargatze2_Audio.json,31,dolls,176.51,176.92,0.41,0
NateBargatze2_Audio.json,31,employees,176.92,177.6,0.68,1
NateBargatze2_Audio.json,32,because,178.17,178.36,0.19,0
NateBargatze2_Audio.json,32,the,178.36,178.51,0.15,1
NateBargatze2_Audio.json,32,open,178.51,178.82,0.31,1
NateBargatze2_Audio.json,32,his,178.82,178.99,0.17,0
NateBargatze2_Audio.json,32,burger,178.99,179.43,0.44,0
NateBargatze2_Audio.json,32,and,179.43,179.58,0.15,0
NateBargatze2_Audio.json,32,he,179.58,179.66,0.08,0
NateBargatze2_Audio.json,32,could,179.66,179.88,0.22,1
NateBargatze2_Audio.json,32,not,179.88,180.17,0.29,1
NateBargatze2_Audio.json,32,be,180.17,180.29,0.12,0
NateBargatze2_Audio.json,32,ignored,180.29,180.63,0.34,0
NateBargatze2_Audio.json,32,me,180.63,180.73,0.1,0
NateBargatze2_Audio.json,32,quicker,180.73,181.19,0.46,0
NateBargatze2_Audio.json,32,like,181.22,181.46,0.24,1
NateBargatze2_Audio.json,32,anything,181.46,181.74,0.28,0
NateBargatze2_Audio.json,32,kind,181.74,182.05,0.31,0
NateBargatze2_Audio.json,32,of,182.05,182.13,0.08,0
NateBargatze2_Audio.json,32,look,182.13,182.28,0.15,0
NateBargatze2_Audio.json,32,like,182.28,182.52,0.24,1
NateBargatze2_Audio.json,32,look,182.52,182.85,0.33,1
NateBargatze2_Audio.json,32,at,182.85,182.94,0.09,0
NateBargatze2_Audio.json,32,him,182.94,183.05,0.11,0
NateBargatze2_Audio.json,32,so,183.05,183.21,0.16,0
NateBargatze2_Audio.json,32,he,183.21,183.36,0.15,1
NateBargatze2_Audio.json,32,look,183.36,183.51,0.15,0
NateBargatze2_Audio.json,32,like,183.51,183.64,0.13,0
NateBargatze2_Audio.json,32,he,183.64,183.7,0.06,0
NateBargatze2_Audio.json,32,expected,183.7,184.19,0.49,0
NateBargatze2_Audio.json,32,them,184.19,184.32,0.13,0
NateBargatze2_Audio.json,32,to,184.32,184.44,0.12,1
NateBargatze2_Audio.json,32,do,184.44,184.56,0.12,0
NateBargatze2_Audio.json,32,it,184.56,184.69,0.13,0
NateBargatze2_Audio.json,32,like,184.69,184.88,0.19,0
NateBargatze2_Audio.json,32,it's,184.88,184.97,0.09,0
NateBargatze2_Audio.json,32,happened,184.97,185.28,0.31,0
NateBargatze2_Audio.json,32,before,185.28,185.69,0.41,1
NateBargatze2_Audio.json,33,and,188.22,188.33,0.11,0
NateBargatze2_Audio.json,33,he's,188.33,188.48,0.15,0
NateBargatze2_Audio.json,33,like,188.48,188.61,0.13,0
NateBargatze2_Audio.json,33,again,188.61,189.07,0.46,1
NateBargatze2_Audio.json,33,again,189.12,189.43,0.31,0
NateBargatze2_Audio.json,33,with,189.43,189.56,0.13,0
NateBargatze2_Audio.json,33,this,189.56,189.88,0.32,1
NateBargatze2_Audio.json,34,we,190.54,190.65,0.11,1
NateBargatze2_Audio.json,34,just,190.65,190.84,0.19,0
NateBargatze2_Audio.json,34,starts,190.84,191.3,0.46,1
NateBargatze2_Audio.json,35,he,191.83,191.94,0.11,0
NateBargatze2_Audio.json,35,starts,191.94,192.2,0.26,0
NateBargatze2_Audio.json,35,screaming,192.2,192.86,0.66,0
NateBargatze2_Audio.json,35,at,192.86,193.03,0.17,1
NateBargatze2_Audio.json,35,all,193.03,193.23,0.2,0
NateBargatze2_Audio.json,35,is,193.23,193.37,0.14,0
NateBargatze2_Audio.json,35,examining,193.37,193.85,0.48,0
NateBargatze2_Audio.json,35,my,193.85,194.0,0.15,0
NateBargatze2_Audio.json,35,Berghoff,194.0,194.7,0.7,0
NateBargatze2_Audio.json,35,fight,194.7,195.06,0.36,0
NateBargatze2_Audio.json,35,all,195.06,195.29,0.23,1
NateBargatze2_Audio.json,35,of,195.29,195.4,0.11,0
NateBargatze2_Audio.json,35,you,195.4,195.61,0.21,1
NateBargatze2_Audio.json,35,try,195.61,195.75,0.14,0
NateBargatze2_Audio.json,35,to,195.75,195.81,0.06,0
NateBargatze2_Audio.json,35,find,195.81,196.1,0.29,0
NateBargatze2_Audio.json,35,out,196.1,196.27,0.17,0
NateBargatze2_Audio.json,35,who,196.27,196.48,0.21,1
NateBargatze2_Audio.json,35,ate,196.48,196.75,0.27,1
NateBargatze2_Audio.json,35,my,196.75,196.91,0.16,0
NateBargatze2_Audio.json,35,burger,196.91,197.41,0.5,0
NateBargatze2_Audio.json,36,so,199.13,199.3,0.17,0
NateBargatze2_Audio.json,36,he,199.3,199.38,0.08,0
NateBargatze2_Audio.json,36,gets,199.38,199.7,0.32,0
NateBargatze2_Audio.json,36,up,199.7,199.84,0.14,0
NateBargatze2_Audio.json,36,and,199.84,199.93,0.09,0
NateBargatze2_Audio.json,36,starts,199.93,200.16,0.23,0
NateBargatze2_Audio.json,36,walking,200.16,200.57,0.41,0
NateBargatze2_Audio.json,36,toward,200.57,200.75,0.18,0
NateBargatze2_Audio.json,36,the,200.75,200.83,0.08,0
NateBargatze2_Audio.json,36,for,200.83,200.96,0.13,0
NateBargatze2_Audio.json,36,now,200.96,201.12,0.16,0
NateBargatze2_Audio.json,36,I,201.12,201.24,0.12,0
NateBargatze2_Audio.json,36,get,201.24,201.35,0.11,0
NateBargatze2_Audio.json,36,a,201.35,201.39,0.04,0
NateBargatze2_Audio.json,36,job,201.39,201.68,0.29,0
NateBargatze2_Audio.json,36,and,201.68,201.79,0.11,0
NateBargatze2_Audio.json,36,I,201.79,201.83,0.04,0
NateBargatze2_Audio.json,36,can,201.83,202.03,0.2,1
NateBargatze2_Audio.json,36,leave,202.03,202.21,0.18,0
NateBargatze2_Audio.json,36,its,202.21,202.33,0.12,0
NateBargatze2_Audio.json,36,work,202.33,202.6,0.27,0
NateBargatze2_Audio.json,36,in,202.6,202.71,0.11,0
NateBargatze2_Audio.json,36,that,202.71,202.83,0.12,0
NateBargatze2_Audio.json,36,we've,202.83,203.04,0.21,0
NateBargatze2_Audio.json,36,gotten,203.04,203.33,0.29,0
NateBargatze2_Audio.json,36,so,203.33,203.56,0.23,0
NateBargatze2_Audio.json,36,much,203.56,203.8,0.24,0
NateBargatze2_Audio.json,36,more,203.8,203.97,0.17,0
NateBargatze2_Audio.json,36,than,203.97,204.17,0.2,1
NateBargatze2_Audio.json,36,I,204.17,204.31,0.14,1
NateBargatze2_Audio.json,36,thought,204.31,204.55,0.24,0
NateBargatze2_Audio.json,36,we,204.55,204.64,0.09,0
NateBargatze2_Audio.json,36,could,204.64,204.76,0.12,0
NateBargatze2_Audio.json,36,ever,204.76,204.94,0.18,0
NateBargatze2_Audio.json,36,get,204.94,205.15,0.21,1
NateBargatze2_Audio.json,37,I,206.11,206.25,0.14,1
NateBargatze2_Audio.json,37,grabbed,206.25,206.71,0.46,0
NateBargatze2_Audio.json,37,a,206.71,206.74,0.03,0
NateBargatze2_Audio.json,37,dozen,206.74,206.98,0.24,0
NateBargatze2_Audio.json,37,lewisite,206.98,207.44,0.46,0
NateBargatze2_Audio.json,37,your,207.44,207.55,0.11,0
NateBargatze2_Audio.json,37,burger,207.55,207.88,0.33,0
NateBargatze2_Audio.json,37,I,207.91,208.08,0.17,1
NateBargatze2_Audio.json,37,did,208.08,208.37,0.29,0
NateBargatze2_Audio.json,37,you,208.37,208.44,0.07,0
NateBargatze2_Audio.json,37,get,208.44,208.56,0.12,0
NateBargatze2_Audio.json,37,it,208.56,208.77,0.21,1
NateBargatze2_Audio.json,37,in,208.77,208.86,0.09,0
NateBargatze2_Audio.json,37,saying,208.86,209.15,0.29,0
NateBargatze2_Audio.json,37,that,209.15,209.28,0.13,0
NateBargatze2_Audio.json,37,you,209.28,209.41,0.13,0
NateBargatze2_Audio.json,37,look,209.41,209.63,0.22,0
NateBargatze2_Audio.json,37,at,209.63,209.69,0.06,0
NateBargatze2_Audio.json,37,me,209.69,209.87,0.18,1
NateBargatze2_Audio.json,38,say,210.12,210.5,0.38,0
NateBargatze2_Audio.json,38,so,210.79,211.08,0.29,0
NateBargatze2_Audio.json,38,I,211.08,211.19,0.11,0
NateBargatze2_Audio.json,38,didn't,211.19,211.46,0.27,0
NateBargatze2_Audio.json,38,sit,211.46,211.6,0.14,0
NateBargatze2_Audio.json,38,down,211.6,211.83,0.23,0
NateBargatze2_Audio.json,38,but,211.83,211.94,0.11,0
NateBargatze2_Audio.json,38,sorry,211.94,212.14,0.2,0
NateBargatze2_Audio.json,38,we're,212.14,212.42,0.28,1
NateBargatze2_Audio.json,38,like,212.47,212.69,0.22,1
NateBargatze2_Audio.json,38,everybody's,212.73,213.18,0.45,0
NateBargatze2_Audio.json,38,like,213.18,213.32,0.14,0
NateBargatze2_Audio.json,38,looking,213.32,213.66,0.34,0
NateBargatze2_Audio.json,38,at,213.66,213.83,0.17,1
NateBargatze2_Audio.json,38,us,213.83,214.09,0.26,1
NateBargatze2_Audio.json,39,it,215.62,215.75,0.13,0
NateBargatze2_Audio.json,39,takes,215.75,215.94,0.19,0
NateBargatze2_Audio.json,39,like,215.94,216.08,0.14,0
NateBargatze2_Audio.json,39,ten,216.08,216.29,0.21,0
NateBargatze2_Audio.json,39,minutes,216.29,216.54,0.25,0
NateBargatze2_Audio.json,39,for,216.54,216.67,0.13,0
NateBargatze2_Audio.json,39,people,216.67,216.95,0.28,0
NateBargatze2_Audio.json,39,quit,216.95,217.17,0.22,0
NateBargatze2_Audio.json,39,filming,217.17,217.5,0.33,0
NateBargatze2_Audio.json,39,us,217.5,217.63,0.13,0
NateBargatze2_Audio.json,39,with,217.63,217.74,0.11,0
NateBargatze2_Audio.json,39,their,217.74,217.85,0.11,0
NateBargatze2_Audio.json,39,phones,217.85,218.33,0.48,0
NateBargatze2_Audio.json,40,and,221.01,221.16,0.15,0
NateBargatze2_Audio.json,40,that's,221.16,221.35,0.19,0
NateBargatze2_Audio.json,40,what,221.35,221.48,0.13,0
NateBargatze2_Audio.json,40,it's,221.48,221.74,0.26,1
NateBargatze2_Audio.json,40,about,221.74,221.97,0.23,0
NateBargatze2_Audio.json,40,something,221.97,222.34,0.37,0
NateBargatze2_Audio.json,40,doesn't,222.34,222.66,0.32,0
NateBargatze2_Audio.json,40,look,222.66,222.85,0.19,0
NateBargatze2_Audio.json,40,as,222.85,222.97,0.12,0
NateBargatze2_Audio.json,40,a,222.97,223.03,0.06,0
NateBargatze2_Audio.json,40,human,223.03,223.27,0.24,0
NateBargatze2_Audio.json,40,he,223.27,223.4,0.13,1
NateBargatze2_Audio.json,40,killed,223.4,223.76,0.36,0
NateBargatze2_Audio.json,40,one,223.76,223.88,0.12,0
NateBargatze2_Audio.json,40,that,223.88,224.01,0.13,0
NateBargatze2_Audio.json,40,Isaac,224.01,224.34,0.33,0
NateBargatze2_Audio.json,40,you're,224.34,224.58,0.24,1
NateBargatze2_Audio.json,40,about,224.58,224.9,0.32,1
NateBargatze2_Audio.json,40,to,224.9,225.02,0.12,1
NateBargatze2_Audio.json,40,go,225.02,225.12,0.1,0
NateBargatze2_Audio.json,40,fight,225.12,225.49,0.37,0
NateBargatze2_Audio.json,40,as,225.49,225.68,0.19,1
NateBargatze2_Audio.json,40,it,225.68,225.77,0.09,0
NateBargatze2_Audio.json,40,lets,225.77,226.0,0.23,0
NateBargatze2_Audio.json,40,look,226.03,226.34,0.31,1
NateBargatze2_Audio.json,40,let's,226.34,226.51,0.17,0
NateBargatze2_Audio.json,40,pretend,226.51,226.96,0.45,0
NateBargatze2_Audio.json,40,that,226.96,227.08,0.12,0
NateBargatze2_Audio.json,40,I'm,227.08,227.21,0.13,0
NateBargatze2_Audio.json,40,not,227.21,227.35,0.14,0
NateBargatze2_Audio.json,40,here,227.35,227.59,0.24,0
NateBargatze2_Audio.json,40,but,227.73,227.9,0.17,0
NateBargatze2_Audio.json,41,attended,227.97,228.34,0.37,0
NateBargatze2_Audio.json,41,some,228.34,228.54,0.2,0
NateBargatze2_Audio.json,41,entity,228.54,228.88,0.34,0
NateBargatze2_Audio.json,41,your,228.88,229.01,0.13,0
NateBargatze2_Audio.json,41,burger,229.01,229.48,0.47,0
NateBargatze2_Audio.json,41,he,229.63,229.75,0.12,1
NateBargatze2_Audio.json,41,worked,229.75,230.02,0.27,0
NateBargatze2_Audio.json,41,at,230.02,230.08,0.06,0
NateBargatze2_Audio.json,41,this,230.08,230.23,0.15,0
NateBargatze2_Audio.json,41,McDonald's,230.23,230.82,0.59,0
NateBargatze2_Audio.json,41,first,230.82,231.05,0.23,0
NateBargatze2_Audio.json,41,thing,231.05,231.23,0.18,0
NateBargatze2_Audio.json,41,that,231.23,231.35,0.12,0
NateBargatze2_Audio.json,41,really,231.35,231.58,0.23,0
NateBargatze2_Audio.json,41,happened,231.58,231.99,0.41,1
NateBargatze2_Audio.json,41,you're,232.2,232.38,0.18,0
NateBargatze2_Audio.json,41,gonna,232.38,232.52,0.14,0
NateBargatze2_Audio.json,41,go,232.52,232.65,0.13,0
NateBargatze2_Audio.json,41,blindly,232.65,233.18,0.53,0
NateBargatze2_Audio.json,41,fight,233.18,233.52,0.34,0
NateBargatze2_Audio.json,41,that,233.52,233.7,0.18,0
NateBargatze2_Audio.json,41,guy,233.7,233.98,0.28,0
NateBargatze2_Audio.json,41,that,234.3,234.48,0.18,0
NateBargatze2_Audio.json,41,got,234.48,234.65,0.17,1
NateBargatze2_Audio.json,41,in,234.65,234.73,0.08,0
NateBargatze2_Audio.json,41,trouble,234.73,234.99,0.26,0
NateBargatze2_Audio.json,41,excise,234.99,235.46,0.47,0
NateBargatze2_Audio.json,41,them,235.46,235.61,0.15,0
NateBargatze2_Audio.json,41,up,235.61,235.81,0.2,1
NateBargatze2_Audio.json,41,like,235.81,235.98,0.17,0
NateBargatze2_Audio.json,41,see,235.98,236.16,0.18,0
NateBargatze2_Audio.json,41,what,236.16,236.28,0.12,0
NateBargatze2_Audio.json,41,he,236.28,236.34,0.06,0
NateBargatze2_Audio.json,41,looks,236.34,236.61,0.27,0
NateBargatze2_Audio.json,41,like,236.61,236.91,0.3,1
NateBargatze2_Audio.json,41,at,236.91,237.08,0.17,1
NateBargatze2_Audio.json,41,least,237.08,237.5,0.42,0
NateBargatze2_Audio.json,42,do,237.96,238.05,0.09,0
NateBargatze2_Audio.json,42,you,238.05,238.13,0.08,0
NateBargatze2_Audio.json,42,really,238.13,238.36,0.23,0
NateBargatze2_Audio.json,42,think,238.36,238.68,0.32,0
NateBargatze2_Audio.json,42,you,238.68,238.78,0.1,0
NateBargatze2_Audio.json,42,could,238.78,238.92,0.14,0
NateBargatze2_Audio.json,42,beat,238.92,239.11,0.19,0
NateBargatze2_Audio.json,42,up,239.11,239.25,0.14,0
NateBargatze2_Audio.json,42,a,239.25,239.3,0.05,0
NateBargatze2_Audio.json,42,guide,239.3,239.67,0.37,0
NateBargatze2_Audio.json,42,that,239.67,239.92,0.25,1
NateBargatze2_Audio.json,42,is,239.92,240.22,0.3,1
NateBargatze2_Audio.json,42,apparently,240.22,240.65,0.43,0
NateBargatze2_Audio.json,42,pretty,240.65,240.87,0.22,0
NateBargatze2_Audio.json,42,confident,240.87,241.44,0.57,0
NateBargatze2_Audio.json,42,in,241.44,241.53,0.09,0
NateBargatze2_Audio.json,42,himself,241.53,242.16,0.63,0
NateBargatze2_Audio.json,43,but,243.36,243.5,0.14,0
NateBargatze2_Audio.json,43,he's,243.5,243.71,0.21,0
NateBargatze2_Audio.json,43,making,243.71,244.11,0.4,0
NateBargatze2_Audio.json,43,burgers,244.11,244.67,0.56,0
NateBargatze2_Audio.json,43,he's,244.67,244.89,0.22,1
NateBargatze2_Audio.json,43,been,244.89,245.07,0.18,0
NateBargatze2_Audio.json,43,eating,245.07,245.5,0.43,0
NateBargatze2_Audio.json,43,on,245.5,245.64,0.14,0
NateBargatze2_Audio.json,44,just,250.22,250.51,0.29,1
NateBargatze2_Audio.json,44,sitting,250.51,250.78,0.27,0
NateBargatze2_Audio.json,44,home,250.78,250.94,0.16,0
NateBargatze2_Audio.json,44,out,250.94,251.15,0.21,0
NateBargatze2_Audio.json,44,to,251.15,251.26,0.11,1
NateBargatze2_Audio.json,44,who,251.26,251.43,0.17,0
NateBargatze2_Audio.json,44,ever,251.43,251.8,0.37,1
NateBargatze2_Audio.json,45,you,252.71,252.87,0.16,1
NateBargatze2_Audio.json,45,bet,252.87,253.05,0.18,0
NateBargatze2_Audio.json,45,I,253.05,253.1,0.05,0
NateBargatze2_Audio.json,45,guess,253.1,253.31,0.21,0
NateBargatze2_Audio.json,45,probably,253.31,253.75,0.44,0
NateBargatze2_Audio.json,45,the,253.75,253.83,0.08,0
NateBargatze2_Audio.json,45,greatest,253.83,254.22,0.39,0
NateBargatze2_Audio.json,45,fighter,254.22,254.57,0.35,0
NateBargatze2_Audio.json,45,of,254.57,254.76,0.19,1
NateBargatze2_Audio.json,45,all,254.76,254.94,0.18,0
NateBargatze2_Audio.json,45,time,254.94,255.39,0.45,1
NateBargatze2_Audio.json,46,I,257.82,258.04,0.22,1
NateBargatze2_Audio.json,46,always,258.04,258.28,0.24,0
NateBargatze2_Audio.json,46,knew,258.28,258.34,0.06,0
NateBargatze2_Audio.json,46,that,258.34,258.46,0.12,0
NateBargatze2_Audio.json,46,you'd,258.46,258.61,0.15,0
NateBargatze2_Audio.json,46,walk,258.61,258.86,0.25,0
NateBargatze2_Audio.json,46,to,258.86,258.94,0.08,0
NateBargatze2_Audio.json,46,the,258.94,259.02,0.08,0
NateBargatze2_Audio.json,46,McDonalds,259.02,259.44,0.42,0
NateBargatze2_Audio.json,46,county,259.44,259.73,0.29,0
NateBargatze2_Audio.json,46,but,259.73,259.96,0.23,0
NateBargatze2_Audio.json,46,Hey,259.96,260.13,0.17,0
NateBargatze2_Audio.json,46,who,260.13,260.27,0.14,0
NateBargatze2_Audio.json,46,ate,260.27,260.42,0.15,0
NateBargatze2_Audio.json,46,my,260.42,260.55,0.13,0
NateBargatze2_Audio.json,46,burger,260.55,260.97,0.42,0
NateBargatze2_Audio.json,46,and,260.97,261.13,0.16,0
NateBargatze2_Audio.json,46,all,261.13,261.26,0.13,0
NateBargatze2_Audio.json,46,the,261.26,261.32,0.06,0
NateBargatze2_Audio.json,46,McDonalds,261.32,261.73,0.41,0
NateBargatze2_Audio.json,46,employees,261.73,262.13,0.4,0
NateBargatze2_Audio.json,46,were,262.13,262.2,0.07,0
NateBargatze2_Audio.json,46,just,262.2,262.41,0.21,0
NateBargatze2_Audio.json,46,part,262.41,262.74,0.33,0
NateBargatze2_Audio.json,46,ways,262.74,263.21,0.47,0
NateBargatze2_Audio.json,47,they,264.4,264.59,0.19,1
NateBargatze2_Audio.json,47,know,264.59,264.75,0.16,0
NateBargatze2_Audio.json,47,exactly,264.75,265.23,0.48,0
NateBargatze2_Audio.json,47,who,265.23,265.33,0.1,0
NateBargatze2_Audio.json,47,you're,265.33,265.48,0.15,0
NateBargatze2_Audio.json,47,talking,265.48,265.95,0.47,0
NateBargatze2_Audio.json,48,in,267.26,267.47,0.21,1
NateBargatze2_Audio.json,48,the,267.47,267.54,0.07,0
NateBargatze2_Audio.json,48,very,267.54,267.84,0.3,0
NateBargatze2_Audio.json,48,back,267.84,268.09,0.25,0
NateBargatze2_Audio.json,48,I,268.09,268.19,0.1,0
NateBargatze2_Audio.json,48,don't,268.19,268.46,0.27,1
NateBargatze2_Audio.json,48,just,268.46,268.64,0.18,0
NateBargatze2_Audio.json,48,you,268.64,268.77,0.13,0
NateBargatze2_Audio.json,48,guys,268.77,268.98,0.21,0
NateBargatze2_Audio.json,48,staying,268.98,269.26,0.28,0
NateBargatze2_Audio.json,48,there,269.26,269.43,0.17,1
NateBargatze2_Audio.json,48,cracking,269.43,269.87,0.44,0
NateBargatze2_Audio.json,48,his,269.87,270.05,0.18,0
NateBargatze2_Audio.json,48,neck,270.05,270.35,0.3,0
NateBargatze2_Audio.json,49,it's,271.39,271.5,0.11,0
NateBargatze2_Audio.json,49,got,271.5,271.64,0.14,0
NateBargatze2_Audio.json,49,his,271.64,271.85,0.21,1
NateBargatze2_Audio.json,49,fist,271.85,272.2,0.35,0
NateBargatze2_Audio.json,49,in,272.2,272.27,0.07,0
NateBargatze2_Audio.json,49,the,272.27,272.36,0.09,0
NateBargatze2_Audio.json,49,fryer,272.36,272.79,0.43,0
NateBargatze2_Audio.json,49,does,272.79,272.96,0.17,0
NateBargatze2_Audio.json,49,he,272.96,273.04,0.08,0
NateBargatze2_Audio.json,49,know,273.04,273.36,0.32,1
NateBargatze2_Audio.json,49,it,273.36,273.48,0.12,0
