RyanHamilton_Audio.json,0,sure,0.68,0.88,0.2,0
RyanHamilton_Audio.json,0,start,0.88,1.13,0.25,0
RyanHamilton_Audio.json,0,of,1.13,1.22,0.09,0
RyanHamilton_Audio.json,0,my,1.22,1.32,0.1,0
RyanHamilton_Audio.json,0,face,1.32,1.97,0.65,0
RyanHamilton_Audio.json,1,%HESITATION,5.79,6.47,0.68,1
RyanHamilton_Audio.json,1,I,6.47,6.73,0.26,1
RyanHamilton_Audio.json,1,always,6.73,7.04,0.31,0
RyanHamilton_Audio.json,1,look,7.04,7.19,0.15,0
RyanHamilton_Audio.json,1,like,7.19,7.38,0.19,0
RyanHamilton_Audio.json,1,this,7.38,7.72,0.34,1
RyanHamilton_Audio.json,1,and,7.9,8.5,0.6,1
RyanHamilton_Audio.json,2,how,9.45,9.68,0.23,0
RyanHamilton_Audio.json,2,you,9.68,9.84,0.16,1
RyanHamilton_Audio.json,2,look,9.84,10.26,0.42,1
RyanHamilton_Audio.json,2,really,10.29,10.94,0.65,1
RyanHamilton_Audio.json,2,happy,10.94,11.68,0.74,0
RyanHamilton_Audio.json,3,all,12.76,13.07,0.31,1
RyanHamilton_Audio.json,3,the,13.07,13.18,0.11,1
RyanHamilton_Audio.json,3,time,13.18,13.61,0.43,0
RyanHamilton_Audio.json,3,I,13.7,14.22,0.52,1
RyanHamilton_Audio.json,3,am,14.73,15.03,0.3,0
RyanHamilton_Audio.json,3,well,15.03,15.46,0.43,0
RyanHamilton_Audio.json,3,aware,15.46,16.12,0.66,0
RyanHamilton_Audio.json,3,that,16.15,16.49,0.34,1
RyanHamilton_Audio.json,3,I,16.49,16.63,0.14,0
RyanHamilton_Audio.json,3,look,16.63,17.18,0.55,1
RyanHamilton_Audio.json,4,just,17.8,18.39,0.59,1
RyanHamilton_Audio.json,4,ecstatic,18.43,19.61,1.18,0
RyanHamilton_Audio.json,5,constantly,21.57,22.66,1.09,0
RyanHamilton_Audio.json,6,and,24.31,24.6,0.29,1
RyanHamilton_Audio.json,6,I,24.6,24.68,0.08,0
RyanHamilton_Audio.json,6,don't,24.68,24.92,0.24,1
RyanHamilton_Audio.json,6,feel,24.92,25.15,0.23,0
RyanHamilton_Audio.json,6,like,25.15,25.37,0.22,0
RyanHamilton_Audio.json,6,this,25.37,25.88,0.51,1
RyanHamilton_Audio.json,6,I,25.91,26.32,0.41,1
RyanHamilton_Audio.json,6,really,26.32,26.77,0.45,0
RyanHamilton_Audio.json,6,down,26.77,27.28,0.51,0
RyanHamilton_Audio.json,6,I,27.28,27.44,0.16,1
RyanHamilton_Audio.json,6,feel,27.44,27.96,0.52,1
RyanHamilton_Audio.json,6,%HESITATION,27.96,28.4,0.44,0
RyanHamilton_Audio.json,7,I,29.77,29.87,0.1,0
RyanHamilton_Audio.json,7,feel,29.87,30.14,0.27,0
RyanHamilton_Audio.json,7,okay,30.14,30.61,0.47,1
RyanHamilton_Audio.json,7,feel,32.52,32.69,0.17,0
RyanHamilton_Audio.json,7,fine,32.69,33.36,0.67,1
RyanHamilton_Audio.json,7,and,33.78,34.2,0.42,1
RyanHamilton_Audio.json,7,I,34.2,34.39,0.19,1
RyanHamilton_Audio.json,7,look,34.39,34.75,0.36,1
RyanHamilton_Audio.json,7,crazy,34.96,35.64,0.68,0
RyanHamilton_Audio.json,7,half,35.64,36.01,0.37,0
RyanHamilton_Audio.json,8,I,39.12,39.24,0.12,0
RyanHamilton_Audio.json,8,don't,39.24,39.41,0.17,0
RyanHamilton_Audio.json,8,I,39.44,39.56,0.12,0
RyanHamilton_Audio.json,8,don't,39.56,39.74,0.18,0
RyanHamilton_Audio.json,8,even,39.74,39.96,0.22,0
RyanHamilton_Audio.json,8,buy,39.96,40.17,0.21,0
RyanHamilton_Audio.json,8,it,40.17,40.35,0.18,1
RyanHamilton_Audio.json,8,really,40.35,40.75,0.4,0
RyanHamilton_Audio.json,8,I,40.78,40.99,0.21,1
RyanHamilton_Audio.json,8,I,40.99,41.23,0.24,1
RyanHamilton_Audio.json,8,I,41.23,41.41,0.18,1
RyanHamilton_Audio.json,8,wish,41.41,41.72,0.31,0
RyanHamilton_Audio.json,8,I,41.8,41.9,0.1,0
RyanHamilton_Audio.json,8,wake,41.9,42.1,0.2,0
RyanHamilton_Audio.json,8,up,42.1,42.2,0.1,0
RyanHamilton_Audio.json,8,in,42.2,42.27,0.07,0
RyanHamilton_Audio.json,8,the,42.27,42.34,0.07,0
RyanHamilton_Audio.json,8,morning,42.34,42.69,0.35,0
RyanHamilton_Audio.json,8,I,42.69,42.82,0.13,0
RyanHamilton_Audio.json,8,look,42.82,43.0,0.18,0
RyanHamilton_Audio.json,8,in,43.0,43.08,0.08,0
RyanHamilton_Audio.json,8,the,43.08,43.15,0.07,0
RyanHamilton_Audio.json,8,mirror,43.15,43.46,0.31,0
RyanHamilton_Audio.json,8,and,43.46,43.62,0.16,0
RyanHamilton_Audio.json,8,I,43.62,43.72,0.1,0
RyanHamilton_Audio.json,8,go,43.72,44.04,0.32,1
RyanHamilton_Audio.json,8,that,44.04,44.29,0.25,1
RyanHamilton_Audio.json,8,is,44.29,44.58,0.29,1
RyanHamilton_Audio.json,9,Keira,44.95,45.3,0.35,0
RyanHamilton_Audio.json,10,I,46.65,46.73,0.08,0
RyanHamilton_Audio.json,10,don't,46.73,46.96,0.23,1
RyanHamilton_Audio.json,10,know,46.96,47.19,0.23,1
RyanHamilton_Audio.json,10,what,47.19,47.38,0.19,0
RyanHamilton_Audio.json,10,you,47.38,47.51,0.13,1
RyanHamilton_Audio.json,10,are,47.51,47.6,0.09,0
RyanHamilton_Audio.json,11,do,47.89,48.22,0.33,1
RyanHamilton_Audio.json,12,walk,48.72,49.04,0.32,0
RyanHamilton_Audio.json,12,around,49.04,49.44,0.4,0
RyanHamilton_Audio.json,12,people,49.44,49.62,0.18,0
RyanHamilton_Audio.json,12,to,49.62,49.7,0.08,0
RyanHamilton_Audio.json,12,look,49.7,49.91,0.21,0
RyanHamilton_Audio.json,12,at,49.91,49.97,0.06,0
RyanHamilton_Audio.json,12,that,49.97,50.2,0.23,0
RyanHamilton_Audio.json,12,chip,50.23,50.45,0.22,0
RyanHamilton_Audio.json,13,a,50.55,50.58,0.03,0
RyanHamilton_Audio.json,13,fella,50.58,51.08,0.5,0
RyanHamilton_Audio.json,14,when,52.98,53.11,0.13,0
RyanHamilton_Audio.json,14,I,53.11,53.22,0.11,0
RyanHamilton_Audio.json,14,go,53.22,53.48,0.26,1
RyanHamilton_Audio.json,14,I'm,53.48,53.67,0.19,1
RyanHamilton_Audio.json,14,okay,53.67,54.33,0.66,1
RyanHamilton_Audio.json,15,I,57.65,57.84,0.19,1
RyanHamilton_Audio.json,15,%HESITATION,57.84,58.2,0.36,0
RyanHamilton_Audio.json,15,I,58.2,58.37,0.17,1
RyanHamilton_Audio.json,15,really,58.37,58.71,0.34,0
RyanHamilton_Audio.json,15,go,58.71,58.85,0.14,0
RyanHamilton_Audio.json,15,look,58.85,59.06,0.21,0
RyanHamilton_Audio.json,15,more,59.06,59.25,0.19,0
RyanHamilton_Audio.json,15,like,59.25,59.45,0.2,0
RyanHamilton_Audio.json,15,a,59.45,59.51,0.06,1
RyanHamilton_Audio.json,15,comedy,59.51,59.96,0.45,0
RyanHamilton_Audio.json,15,club,59.96,60.25,0.29,0
RyanHamilton_Audio.json,15,logo,60.25,60.69,0.44,0
RyanHamilton_Audio.json,15,than,60.69,60.87,0.18,0
RyanHamilton_Audio.json,15,I,60.87,60.93,0.06,0
RyanHamilton_Audio.json,15,do,60.93,61.1,0.17,0
RyanHamilton_Audio.json,15,a,61.1,61.18,0.08,1
RyanHamilton_Audio.json,15,command,61.18,61.55,0.37,0
RyanHamilton_Audio.json,16,yeah,66.15,66.47,0.32,0
RyanHamilton_Audio.json,16,I,67.22,67.32,0.1,0
RyanHamilton_Audio.json,16,can,67.32,67.45,0.13,0
RyanHamilton_Audio.json,16,be,67.45,67.55,0.1,0
RyanHamilton_Audio.json,16,assigned,67.55,68.03,0.48,0
RyanHamilton_Audio.json,16,in,68.03,68.11,0.08,0
RyanHamilton_Audio.json,16,nineteen,68.11,68.52,0.41,0
RyanHamilton_Audio.json,16,fifty,68.52,68.82,0.3,0
RyanHamilton_Audio.json,16,three,68.82,69.18,0.36,1
RyanHamilton_Audio.json,16,that's,69.27,69.5,0.23,1
RyanHamilton_Audio.json,16,about,69.5,69.75,0.25,0
RyanHamilton_Audio.json,16,all,69.75,69.82,0.07,0
RyanHamilton_Audio.json,16,I,69.82,70.04,0.22,1
RyanHamilton_Audio.json,17,I,70.93,71.08,0.15,0
RyanHamilton_Audio.json,17,could,71.08,71.23,0.15,0
RyanHamilton_Audio.json,17,sell,71.23,71.46,0.23,0
RyanHamilton_Audio.json,17,ice,71.46,71.69,0.23,0
RyanHamilton_Audio.json,17,cream,71.69,71.93,0.24,0
RyanHamilton_Audio.json,17,in,71.93,72.0,0.07,0
RyanHamilton_Audio.json,17,the,72.0,72.08,0.08,0
RyanHamilton_Audio.json,17,fifth,72.08,72.31,0.23,0
RyanHamilton_Audio.json,18,I,75.64,75.77,0.13,0
RyanHamilton_Audio.json,18,can't,75.77,76.06,0.29,0
RyanHamilton_Audio.json,18,go,76.06,76.23,0.17,0
RyanHamilton_Audio.json,18,play,76.23,76.46,0.23,0
RyanHamilton_Audio.json,18,that,76.46,76.65,0.19,0
RyanHamilton_Audio.json,18,I,76.65,76.75,0.1,0
RyanHamilton_Audio.json,18,can't,76.75,77.03,0.28,0
RyanHamilton_Audio.json,18,just,77.03,77.29,0.26,0
RyanHamilton_Audio.json,19,show,77.83,78.09,0.26,0
RyanHamilton_Audio.json,19,up,78.09,78.22,0.13,0
RyanHamilton_Audio.json,19,at,78.22,78.28,0.06,0
RyanHamilton_Audio.json,19,a,78.28,78.32,0.04,0
RyanHamilton_Audio.json,19,funeral,78.32,78.93,0.61,0
RyanHamilton_Audio.json,20,so,82.88,83.09,0.21,0
RyanHamilton_Audio.json,20,sorry,83.09,83.48,0.39,0
RyanHamilton_Audio.json,20,for,83.48,83.64,0.16,0
RyanHamilton_Audio.json,20,your,83.64,83.77,0.13,0
RyanHamilton_Audio.json,20,loss,83.77,84.18,0.41,0
RyanHamilton_Audio.json,23,I,94.72,94.9,0.18,1
RyanHamilton_Audio.json,23,%HESITATION,94.9,95.42,0.52,1
RyanHamilton_Audio.json,24,I,96.28,96.31,0.03,0
RyanHamilton_Audio.json,24,can,96.31,96.52,0.21,1
RyanHamilton_Audio.json,24,ask,96.52,96.77,0.25,0
RyanHamilton_Audio.json,24,a,96.77,96.8,0.03,0
RyanHamilton_Audio.json,24,girl,96.8,97.04,0.24,0
RyanHamilton_Audio.json,24,out,97.04,97.35,0.31,1
RyanHamilton_Audio.json,24,you,97.35,97.45,0.1,0
RyanHamilton_Audio.json,24,know,97.45,97.56,0.11,0
RyanHamilton_Audio.json,25,what,98.67,98.84,0.17,0
RyanHamilton_Audio.json,25,you,98.84,98.92,0.08,0
RyanHamilton_Audio.json,25,doing,98.92,99.11,0.19,0
RyanHamilton_Audio.json,25,tomorrow,99.11,99.56,0.45,0
RyanHamilton_Audio.json,26,it's,104.95,105.03,0.08,0
RyanHamilton_Audio.json,26,just,105.03,105.25,0.22,0
RyanHamilton_Audio.json,26,so,105.25,105.42,0.17,0
RyanHamilton_Audio.json,26,creeping,105.42,106.01,0.59,0
RyanHamilton_Audio.json,26,as,106.12,106.24,0.12,0
RyanHamilton_Audio.json,26,that,106.24,106.51,0.27,1
RyanHamilton_Audio.json,27,I'm,108.37,108.55,0.18,1
RyanHamilton_Audio.json,27,single,108.55,109.04,0.49,0
RyanHamilton_Audio.json,27,and,109.14,109.64,0.5,1
RyanHamilton_Audio.json,27,%HESITATION,109.79,110.15,0.36,0
RyanHamilton_Audio.json,28,I'm,111.58,111.81,0.23,1
RyanHamilton_Audio.json,28,trying,111.81,112.11,0.3,0
RyanHamilton_Audio.json,28,not,112.11,112.33,0.22,0
RyanHamilton_Audio.json,28,to,112.33,112.44,0.11,1
RyanHamilton_Audio.json,28,be,112.44,112.76,0.32,1
RyanHamilton_Audio.json,28,single,112.79,113.27,0.48,0
RyanHamilton_Audio.json,28,which,113.27,113.49,0.22,0
RyanHamilton_Audio.json,28,sounds,113.49,114.1,0.61,0
RyanHamilton_Audio.json,28,%HESITATION,114.13,114.55,0.42,0
RyanHamilton_Audio.json,28,desperate,114.55,115.05,0.5,0
RyanHamilton_Audio.json,28,relate,115.19,115.52,0.33,0
RyanHamilton_Audio.json,28,you,115.52,115.61,0.09,0
RyanHamilton_Audio.json,28,shouldn't,115.61,115.9,0.29,0
RyanHamilton_Audio.json,28,should,116.16,116.43,0.27,0
RyanHamilton_Audio.json,28,say,116.43,116.61,0.18,0
RyanHamilton_Audio.json,28,that,116.61,116.79,0.18,0
RyanHamilton_Audio.json,28,out,116.79,116.91,0.12,0
RyanHamilton_Audio.json,28,loud,116.91,117.26,0.35,0
RyanHamilton_Audio.json,29,it,118.47,118.68,0.21,1
RyanHamilton_Audio.json,29,it's,118.71,118.95,0.24,1
RyanHamilton_Audio.json,29,true,118.95,119.25,0.3,0
RyanHamilton_Audio.json,29,but,119.25,119.46,0.21,1
RyanHamilton_Audio.json,29,there's,119.49,119.78,0.29,0
RyanHamilton_Audio.json,29,no,119.78,120.05,0.27,1
RyanHamilton_Audio.json,29,woman,120.05,120.4,0.35,0
RyanHamilton_Audio.json,29,in,120.4,120.51,0.11,1
RyanHamilton_Audio.json,29,earshot,120.51,120.91,0.4,0
RyanHamilton_Audio.json,29,of,120.91,120.99,0.08,0
RyanHamilton_Audio.json,29,that,120.99,121.17,0.18,0
RyanHamilton_Audio.json,29,statement,121.17,121.58,0.41,0
RyanHamilton_Audio.json,29,going,121.58,121.95,0.37,1
RyanHamilton_Audio.json,30,that's,122.85,123.06,0.21,0
RyanHamilton_Audio.json,30,the,123.06,123.14,0.08,0
RyanHamilton_Audio.json,30,one,123.14,123.45,0.31,0
RyanHamilton_Audio.json,31,dibs,126.55,126.86,0.31,0
RyanHamilton_Audio.json,31,on,126.86,127.0,0.14,0
RyanHamilton_Audio.json,31,that,127.0,127.23,0.23,0
RyanHamilton_Audio.json,31,smiley,127.23,127.67,0.44,0
RyanHamilton_Audio.json,31,desperate,127.67,128.08,0.41,0
RyanHamilton_Audio.json,31,fell,128.08,128.29,0.21,0
RyanHamilton_Audio.json,31,on,128.29,128.46,0.17,1
RyanHamilton_Audio.json,32,but,131.01,131.15,0.14,0
RyanHamilton_Audio.json,32,a,131.15,131.18,0.03,0
RyanHamilton_Audio.json,32,three,131.18,131.5,0.32,0
RyanHamilton_Audio.json,32,I,131.5,131.61,0.11,0
RyanHamilton_Audio.json,32,mean,131.61,131.91,0.3,1
RyanHamilton_Audio.json,32,partner,132.13,132.47,0.34,0
RyanHamilton_Audio.json,32,single,132.47,132.84,0.37,0
RyanHamilton_Audio.json,32,I,132.84,132.96,0.12,0
RyanHamilton_Audio.json,32,was,132.96,133.14,0.18,0
RyanHamilton_Audio.json,32,great,133.14,133.44,0.3,0
RyanHamilton_Audio.json,32,you,133.44,133.51,0.07,0
RyanHamilton_Audio.json,32,got,133.51,133.66,0.15,0
RyanHamilton_Audio.json,32,all,133.66,133.82,0.16,0
RyanHamilton_Audio.json,32,this,133.82,133.99,0.17,0
RyanHamilton_Audio.json,32,freedom,133.99,134.54,0.55,0
RyanHamilton_Audio.json,32,you,134.54,134.65,0.11,0
RyanHamilton_Audio.json,32,can,134.65,134.77,0.12,0
RyanHamilton_Audio.json,32,do,134.77,134.89,0.12,0
RyanHamilton_Audio.json,32,whatever,134.89,135.2,0.31,0
RyanHamilton_Audio.json,32,you,135.2,135.3,0.1,0
RyanHamilton_Audio.json,32,want,135.3,135.64,0.34,0
RyanHamilton_Audio.json,32,whenever,135.64,135.94,0.3,0
RyanHamilton_Audio.json,32,you,135.94,136.04,0.1,0
RyanHamilton_Audio.json,32,want,136.04,136.54,0.5,1
RyanHamilton_Audio.json,32,right,136.54,136.92,0.38,0
RyanHamilton_Audio.json,32,maybe,136.99,137.23,0.24,0
RyanHamilton_Audio.json,32,someone,137.23,137.56,0.33,0
RyanHamilton_Audio.json,32,wanders,137.56,137.95,0.39,0
RyanHamilton_Audio.json,32,in,137.95,138.05,0.1,1
RyanHamilton_Audio.json,32,your,138.05,138.2,0.15,0
RyanHamilton_Audio.json,32,life,138.2,138.55,0.35,0
RyanHamilton_Audio.json,32,maybe,138.55,138.85,0.3,1
RyanHamilton_Audio.json,32,not,138.85,139.18,0.33,1
RyanHamilton_Audio.json,32,you,139.18,139.27,0.09,0
RyanHamilton_Audio.json,32,don't,139.27,139.47,0.2,0
RyanHamilton_Audio.json,32,care,139.47,139.76,0.29,0
RyanHamilton_Audio.json,32,it's,139.76,139.89,0.13,0
RyanHamilton_Audio.json,32,it's,139.89,140.04,0.15,0
RyanHamilton_Audio.json,32,it's,140.04,140.15,0.11,0
RyanHamilton_Audio.json,32,a,140.15,140.2,0.05,0
RyanHamilton_Audio.json,32,great,140.2,140.6,0.4,1
RyanHamilton_Audio.json,32,place,140.6,140.95,0.35,0
RyanHamilton_Audio.json,32,to,140.95,141.09,0.14,1
RyanHamilton_Audio.json,32,be,141.09,141.49,0.4,1
RyanHamilton_Audio.json,33,I'm,142.31,142.46,0.15,0
RyanHamilton_Audio.json,33,not,142.46,142.64,0.18,0
RyanHamilton_Audio.json,33,there,142.64,143.13,0.49,1
RyanHamilton_Audio.json,33,anymore,143.16,143.67,0.51,0
RyanHamilton_Audio.json,34,I,145.43,145.5,0.07,0
RyanHamilton_Audio.json,34,mean,145.5,145.66,0.16,0
RyanHamilton_Audio.json,34,freedoms,145.66,146.11,0.45,0
RyanHamilton_Audio.json,34,amazing,146.11,146.63,0.52,0
RyanHamilton_Audio.json,34,but,146.63,146.8,0.17,0
RyanHamilton_Audio.json,34,I'm,146.8,147.03,0.23,1
RyanHamilton_Audio.json,34,not,147.03,147.27,0.24,0
RyanHamilton_Audio.json,34,popping,147.27,147.65,0.38,0
RyanHamilton_Audio.json,34,up,147.65,147.8,0.15,1
RyanHamilton_Audio.json,34,alone,147.8,148.14,0.34,0
RyanHamilton_Audio.json,34,in,148.14,148.25,0.11,1
RyanHamilton_Audio.json,34,bed,148.25,148.5,0.25,0
RyanHamilton_Audio.json,34,in,148.5,148.57,0.07,0
RyanHamilton_Audio.json,34,the,148.57,148.64,0.07,0
RyanHamilton_Audio.json,34,middle,148.64,148.91,0.27,0
RyanHamilton_Audio.json,34,and,148.91,149.04,0.13,0
RyanHamilton_Audio.json,34,I'm,149.04,149.17,0.13,0
RyanHamilton_Audio.json,34,going,149.17,149.41,0.24,0
RyanHamilton_Audio.json,34,I,149.61,149.76,0.15,0
RyanHamilton_Audio.json,34,can,149.76,149.92,0.16,0
RyanHamilton_Audio.json,34,do,149.92,150.06,0.14,0
RyanHamilton_Audio.json,34,whatever,150.06,150.41,0.35,0
RyanHamilton_Audio.json,34,I,150.41,150.49,0.08,0
RyanHamilton_Audio.json,34,want,150.49,150.93,0.44,1
RyanHamilton_Audio.json,34,you,150.97,151.09,0.12,1
RyanHamilton_Audio.json,34,know,151.09,151.21,0.12,0
RyanHamilton_Audio.json,35,I'm,158.48,158.6,0.12,0
RyanHamilton_Audio.json,35,not,158.6,158.77,0.17,0
RyanHamilton_Audio.json,35,brave,158.77,159.07,0.3,0
RyanHamilton_Audio.json,35,parting,159.07,159.39,0.32,0
RyanHamilton_Audio.json,35,in,159.39,159.51,0.12,1
RyanHamilton_Audio.json,35,bed,159.51,159.75,0.24,0
RyanHamilton_Audio.json,35,at,159.75,159.86,0.11,1
RyanHamilton_Audio.json,35,three,159.86,160.07,0.21,0
RyanHamilton_Audio.json,35,I,160.07,160.23,0.16,1
RyanHamilton_Audio.json,35,understand,160.23,161.12,0.89,0
RyanHamilton_Audio.json,35,I've,161.15,161.38,0.23,0
RyanHamilton_Audio.json,36,I'm,161.95,162.06,0.11,0
RyanHamilton_Audio.json,36,not,162.06,162.24,0.18,0
RyanHamilton_Audio.json,36,watching,162.24,162.59,0.35,0
RyanHamilton_Audio.json,36,infomercials,162.59,163.38,0.79,0
RyanHamilton_Audio.json,36,the,163.38,163.46,0.08,0
RyanHamilton_Audio.json,36,needing,163.46,163.75,0.29,0
RyanHamilton_Audio.json,36,a,163.75,163.82,0.07,1
RyanHamilton_Audio.json,36,lean,163.82,164.08,0.26,0
RyanHamilton_Audio.json,36,cuisine,164.08,164.57,0.49,0
RyanHamilton_Audio.json,36,because,164.57,164.88,0.31,0
RyanHamilton_Audio.json,36,I'm,164.88,164.99,0.11,0
RyanHamilton_Audio.json,36,living,164.99,165.29,0.3,0
RyanHamilton_Audio.json,36,life,165.29,165.59,0.3,0
RyanHamilton_Audio.json,36,on,165.59,165.69,0.1,0
RyanHamilton_Audio.json,36,my,165.69,165.95,0.26,1
RyanHamilton_Audio.json,36,terms,165.95,166.67,0.72,0
RyanHamilton_Audio.json,37,%HESITATION,172.38,172.89,0.51,1
RyanHamilton_Audio.json,37,you're,173.21,173.41,0.2,0
RyanHamilton_Audio.json,37,the,173.41,173.52,0.11,1
RyanHamilton_Audio.json,37,only,173.52,173.71,0.19,0
RyanHamilton_Audio.json,37,people,173.71,174.0,0.29,1
RyanHamilton_Audio.json,37,I've,174.0,174.19,0.19,0
RyanHamilton_Audio.json,37,talked,174.19,174.46,0.27,0
RyanHamilton_Audio.json,37,to,174.46,174.58,0.12,1
RyanHamilton_Audio.json,37,today,174.58,174.93,0.35,0
RyanHamilton_Audio.json,38,no,182.71,182.95,0.24,0
RyanHamilton_Audio.json,39,number,183.83,184.19,0.36,1
RyanHamilton_Audio.json,39,good,184.19,184.36,0.17,0
RyanHamilton_Audio.json,39,socially,184.36,184.8,0.44,0
RyanHamilton_Audio.json,39,this,184.8,184.98,0.18,0
RyanHamilton_Audio.json,39,is,184.98,185.13,0.15,0
RyanHamilton_Audio.json,39,all,185.13,185.29,0.16,0
RyanHamilton_Audio.json,39,I,185.29,185.37,0.08,0
RyanHamilton_Audio.json,39,do,185.37,185.52,0.15,0
RyanHamilton_Audio.json,39,I,185.52,185.6,0.08,0
RyanHamilton_Audio.json,39,just,185.6,185.81,0.21,0
RyanHamilton_Audio.json,39,do,185.81,185.91,0.1,0
RyanHamilton_Audio.json,39,this,185.91,186.16,0.25,0
RyanHamilton_Audio.json,39,and,186.16,186.29,0.13,0
RyanHamilton_Audio.json,39,go,186.29,186.41,0.12,0
RyanHamilton_Audio.json,39,home,186.41,186.65,0.24,0
RyanHamilton_Audio.json,39,and,186.65,186.79,0.14,0
RyanHamilton_Audio.json,39,think,186.79,187.0,0.21,1
RyanHamilton_Audio.json,40,tell,187.4,187.59,0.19,0
RyanHamilton_Audio.json,40,strangers,187.59,188.06,0.47,0
RyanHamilton_Audio.json,40,tomorrow,188.06,188.52,0.46,0
RyanHamilton_Audio.json,41,I,191.23,191.38,0.15,0
RyanHamilton_Audio.json,41,I,191.38,191.5,0.12,0
RyanHamilton_Audio.json,41,don't,191.5,191.72,0.22,1
RyanHamilton_Audio.json,41,drink,191.72,192.09,0.37,1
RyanHamilton_Audio.json,41,I,192.09,192.15,0.06,0
RyanHamilton_Audio.json,41,think,192.15,192.29,0.14,0
RyanHamilton_Audio.json,41,that's,192.29,192.44,0.15,0
RyanHamilton_Audio.json,41,part,192.44,192.68,0.24,0
RyanHamilton_Audio.json,41,of,192.68,192.8,0.12,1
RyanHamilton_Audio.json,41,it,192.8,192.95,0.15,0
RyanHamilton_Audio.json,41,it's,192.95,193.2,0.25,1
RyanHamilton_Audio.json,41,it's,193.2,193.4,0.2,1
RyanHamilton_Audio.json,41,tough,193.4,193.61,0.21,0
RyanHamilton_Audio.json,41,to,193.61,193.7,0.09,0
RyanHamilton_Audio.json,41,be,193.7,193.93,0.23,0
RyanHamilton_Audio.json,41,social,193.96,194.34,0.38,0
RyanHamilton_Audio.json,41,you,194.34,194.46,0.12,1
RyanHamilton_Audio.json,41,don't,194.46,194.66,0.2,0
RyanHamilton_Audio.json,41,drink,194.66,194.92,0.26,0
RyanHamilton_Audio.json,41,because,194.92,195.29,0.37,1
RyanHamilton_Audio.json,41,%HESITATION,195.29,195.69,0.4,0
RyanHamilton_Audio.json,41,you,195.89,196.01,0.12,1
RyanHamilton_Audio.json,41,don't,196.01,196.15,0.14,0
RyanHamilton_Audio.json,41,want,196.15,196.3,0.15,0
RyanHamilton_Audio.json,41,me,196.3,196.38,0.08,0
RyanHamilton_Audio.json,41,around,196.38,196.81,0.43,0
RyanHamilton_Audio.json,41,you,197.19,197.32,0.13,1
RyanHamilton_Audio.json,41,know,197.32,197.55,0.23,1
RyanHamilton_Audio.json,41,like,197.84,198.15,0.31,1
RyanHamilton_Audio.json,41,some,198.15,198.4,0.25,0
RyanHamilton_Audio.json,41,nights,198.4,198.67,0.27,0
RyanHamilton_Audio.json,41,it's,198.67,198.84,0.17,0
RyanHamilton_Audio.json,41,fine,198.84,199.33,0.49,0
RyanHamilton_Audio.json,41,but,199.33,199.59,0.26,1
RyanHamilton_Audio.json,41,many,199.59,199.88,0.29,0
RyanHamilton_Audio.json,41,nights,199.88,200.2,0.32,0
RyanHamilton_Audio.json,41,I,200.2,200.27,0.07,0
RyanHamilton_Audio.json,41,get,200.27,200.44,0.17,0
RyanHamilton_Audio.json,41,this,200.44,200.73,0.29,0
RyanHamilton_Audio.json,41,feeling,200.76,201.07,0.31,0
RyanHamilton_Audio.json,41,back,201.07,201.3,0.23,0
RyanHamilton_Audio.json,41,from,201.3,201.43,0.13,0
RyanHamilton_Audio.json,41,the,201.43,201.5,0.07,0
RyanHamilton_Audio.json,41,group,201.5,201.77,0.27,0
RyanHamilton_Audio.json,41,like,201.77,202.01,0.24,0
RyanHamilton_Audio.json,42,we,202.69,202.88,0.19,1
RyanHamilton_Audio.json,42,all,202.88,203.01,0.13,0
RyanHamilton_Audio.json,42,got,203.01,203.18,0.17,0
RyanHamilton_Audio.json,42,together,203.18,203.72,0.54,0
RyanHamilton_Audio.json,42,and,203.78,204.1,0.32,1
RyanHamilton_Audio.json,42,we,204.1,204.23,0.13,0
RyanHamilton_Audio.json,42,realize,204.23,204.69,0.46,0
RyanHamilton_Audio.json,42,you're,204.69,204.87,0.18,0
RyanHamilton_Audio.json,42,going,204.87,205.09,0.22,0
RyanHamilton_Audio.json,42,to,205.09,205.16,0.07,0
RyanHamilton_Audio.json,42,remember,205.16,205.68,0.52,0
RyanHamilton_Audio.json,42,most,205.71,206.02,0.31,0
RyanHamilton_Audio.json,42,of,206.02,206.1,0.08,0
RyanHamilton_Audio.json,42,the,206.1,206.29,0.19,1
RyanHamilton_Audio.json,43,so,209.43,209.57,0.14,0
RyanHamilton_Audio.json,43,we'd,209.57,209.72,0.15,0
RyanHamilton_Audio.json,43,like,209.72,209.93,0.21,0
RyanHamilton_Audio.json,43,for,209.93,210.03,0.1,0
RyanHamilton_Audio.json,43,you,210.03,210.12,0.09,0
RyanHamilton_Audio.json,43,to,210.12,210.2,0.08,0
RyanHamilton_Audio.json,43,go,210.2,210.3,0.1,0
RyanHamilton_Audio.json,43,home,210.3,210.61,0.31,1
RyanHamilton_Audio.json,44,now,213.73,214.17,0.44,1
RyanHamilton_Audio.json,44,what,214.4,214.72,0.32,1
RyanHamilton_Audio.json,44,you,214.72,214.82,0.1,0
RyanHamilton_Audio.json,44,don't,214.82,215.08,0.26,1
RyanHamilton_Audio.json,44,think,215.08,215.25,0.17,0
RyanHamilton_Audio.json,44,about,215.25,215.58,0.33,1
RyanHamilton_Audio.json,44,is,215.58,215.73,0.15,0
RyanHamilton_Audio.json,44,it,215.73,215.84,0.11,0
RyanHamilton_Audio.json,44,goes,215.84,216.12,0.28,0
RyanHamilton_Audio.json,44,both,216.12,216.39,0.27,0
RyanHamilton_Audio.json,44,ways,216.39,216.76,0.37,0
RyanHamilton_Audio.json,44,you're,216.76,216.98,0.22,1
RyanHamilton_Audio.json,44,drinking,216.98,217.54,0.56,0
RyanHamilton_Audio.json,44,affects,217.57,218.05,0.48,0
RyanHamilton_Audio.json,44,my,218.05,218.38,0.33,1
RyanHamilton_Audio.json,44,life,218.38,218.93,0.55,1
RyanHamilton_Audio.json,44,Jared,218.97,219.32,0.35,0
RyanHamilton_Audio.json,44,nobody,219.32,219.63,0.31,0
RyanHamilton_Audio.json,44,ever,219.63,219.81,0.18,0
RyanHamilton_Audio.json,44,thinks,219.81,220.11,0.3,0
RyanHamilton_Audio.json,44,about,220.11,220.37,0.26,0
RyanHamilton_Audio.json,44,that,220.37,220.61,0.24,0
RyanHamilton_Audio.json,44,but,220.61,220.76,0.15,0
RyanHamilton_Audio.json,44,it's,220.76,220.95,0.19,1
RyanHamilton_Audio.json,44,true,220.95,221.26,0.31,0
RyanHamilton_Audio.json,44,because,221.26,221.52,0.26,0
RyanHamilton_Audio.json,44,I'm,221.52,221.67,0.15,0
RyanHamilton_Audio.json,44,a,221.67,221.72,0.05,0
RyanHamilton_Audio.json,44,good,221.72,221.87,0.15,0
RyanHamilton_Audio.json,44,listener,221.87,222.33,0.46,0
RyanHamilton_Audio.json,44,you,222.36,222.48,0.12,1
RyanHamilton_Audio.json,44,know,222.48,222.73,0.25,1
RyanHamilton_Audio.json,45,so,224.06,224.37,0.31,1
RyanHamilton_Audio.json,45,I,224.37,224.47,0.1,0
RyanHamilton_Audio.json,45,listened,224.47,225.03,0.56,0
RyanHamilton_Audio.json,45,and,225.03,225.14,0.11,0
RyanHamilton_Audio.json,45,I,225.14,225.23,0.09,0
RyanHamilton_Audio.json,45,listen,225.23,225.86,0.63,1
RyanHamilton_Audio.json,45,I,225.86,225.95,0.09,0
RyanHamilton_Audio.json,45,listen,225.95,226.3,0.35,0
RyanHamilton_Audio.json,45,I'm,226.3,226.46,0.16,0
RyanHamilton_Audio.json,45,fine,226.46,226.76,0.3,0
RyanHamilton_Audio.json,45,with,226.76,226.9,0.14,0
RyanHamilton_Audio.json,45,that,226.9,227.08,0.18,0
RyanHamilton_Audio.json,45,really,227.11,227.47,0.36,0
RyanHamilton_Audio.json,45,I'm,227.5,227.68,0.18,1
RyanHamilton_Audio.json,45,okay,227.68,227.9,0.22,0
RyanHamilton_Audio.json,45,with,227.9,228.11,0.21,0
RyanHamilton_Audio.json,45,what,228.28,228.49,0.21,0
RyanHamilton_Audio.json,45,I'm,228.49,228.64,0.15,0
RyanHamilton_Audio.json,45,not,228.64,228.87,0.23,0
RyanHamilton_Audio.json,45,okay,228.87,229.19,0.32,0
RyanHamilton_Audio.json,45,with,229.19,229.48,0.29,1
RyanHamilton_Audio.json,45,is,229.48,229.67,0.19,0
RyanHamilton_Audio.json,45,the,229.67,229.77,0.1,0
RyanHamilton_Audio.json,45,next,229.77,230.14,0.37,0
RyanHamilton_Audio.json,45,day,230.14,230.5,0.36,0
RyanHamilton_Audio.json,45,when,230.84,230.99,0.15,0
RyanHamilton_Audio.json,45,I,230.99,231.08,0.09,0
RyanHamilton_Audio.json,45,end,231.08,231.28,0.2,0
RyanHamilton_Audio.json,45,up,231.28,231.44,0.16,1
RyanHamilton_Audio.json,45,alone,231.44,231.83,0.39,0
RyanHamilton_Audio.json,45,apart,231.83,232.39,0.56,0
RyanHamilton_Audio.json,45,waiting,232.42,232.76,0.34,0
RyanHamilton_Audio.json,45,for,232.76,232.97,0.21,1
RyanHamilton_Audio.json,45,a,232.97,233.02,0.05,0
RyanHamilton_Audio.json,45,picnic,233.02,233.54,0.52,0
RyanHamilton_Audio.json,46,there,243.07,243.41,0.34,0
RyanHamilton_Audio.json,46,is,243.41,243.55,0.14,0
RyanHamilton_Audio.json,46,no,243.55,243.73,0.18,0
RyanHamilton_Audio.json,46,picnic,243.73,244.26,0.53,0
RyanHamilton_Audio.json,47,I,246.74,246.84,0.1,0
RyanHamilton_Audio.json,47,mean,246.84,246.94,0.1,0
RyanHamilton_Audio.json,47,is,246.94,247.13,0.19,0
RyanHamilton_Audio.json,47,that,247.13,247.29,0.16,0
RyanHamilton_Audio.json,47,alone,247.54,247.91,0.37,0
RyanHamilton_Audio.json,47,on,247.91,248.01,0.1,0
RyanHamilton_Audio.json,47,a,248.01,248.06,0.05,0
RyanHamilton_Audio.json,47,blanket,248.06,248.55,0.49,0
RyanHamilton_Audio.json,47,with,248.55,248.73,0.18,0
RyanHamilton_Audio.json,47,baby,248.73,249.02,0.29,0
RyanHamilton_Audio.json,47,carrots,249.02,249.48,0.46,0
RyanHamilton_Audio.json,47,and,249.48,249.59,0.11,0
RyanHamilton_Audio.json,47,cheese,249.59,249.9,0.31,0
RyanHamilton_Audio.json,47,cubes,249.9,250.44,0.54,0
RyanHamilton_Audio.json,47,waiting,251.64,251.96,0.32,0
RyanHamilton_Audio.json,47,for,251.96,252.13,0.17,0
RyanHamilton_Audio.json,47,someone,252.13,252.52,0.39,0
RyanHamilton_Audio.json,47,with,252.52,252.66,0.14,0
RyanHamilton_Audio.json,47,a,252.66,252.71,0.05,0
RyanHamilton_Audio.json,47,five,252.71,253.02,0.31,0
RyanHamilton_Audio.json,47,digit,253.02,253.29,0.27,0
RyanHamilton_Audio.json,47,phone,253.29,253.51,0.22,0
RyanHamilton_Audio.json,47,number,253.51,253.74,0.23,0
RyanHamilton_Audio.json,47,to,253.74,253.85,0.11,1
RyanHamilton_Audio.json,47,try,253.85,254.08,0.23,0
RyanHamilton_Audio.json,47,and,254.08,254.23,0.15,0
RyanHamilton_Audio.json,47,call,254.23,254.52,0.29,0
RyanHamilton_Audio.json,47,now,254.59,254.88,0.29,0
RyanHamilton_Audio.json,48,you,256.44,256.55,0.11,0
RyanHamilton_Audio.json,48,don't,256.55,256.71,0.16,0
RyanHamilton_Audio.json,48,get,256.71,256.85,0.14,0
RyanHamilton_Audio.json,48,that,256.85,257.05,0.2,0
RyanHamilton_Audio.json,48,kind,257.05,257.25,0.2,0
RyanHamilton_Audio.json,48,of,257.25,257.31,0.06,0
RyanHamilton_Audio.json,48,detail,257.31,257.72,0.41,0
RyanHamilton_Audio.json,48,in,257.72,257.81,0.09,0
RyanHamilton_Audio.json,48,a,257.81,257.87,0.06,1
RyanHamilton_Audio.json,48,job,257.87,258.17,0.3,0
RyanHamilton_Audio.json,48,and,258.17,258.28,0.11,0
RyanHamilton_Audio.json,48,once,258.28,258.44,0.16,0
RyanHamilton_Audio.json,48,you've,258.44,258.58,0.14,0
RyanHamilton_Audio.json,48,actually,258.58,258.93,0.35,0
RyanHamilton_Audio.json,48,lived,258.93,259.27,0.34,0
